/*
 * Copyright(c) Jianjun Jiang <8192542@qq.com>
 * Mobile phone: +86-18665388956
 * QQ: 8192542
 *
 * Permission is hereby granted, free of charge, to any person obtaining a copy
 * of this software and associated documentation files (the "Software"), to deal
 * in the Software without restriction, including without limitation the rights
 * to use, copy, modify, merge, publish, distribute, sublicense, and/or sell
 * copies of the Software, and to permit persons to whom the Software is
 * furnished to do so, subject to the following conditions:
 *
 * The above copyright notice and this permission notice shall be included in all
 * copies or substantial portions of the Software.
 *
 * THE SOFTWARE IS PROVIDED "AS IS", WITHOUT WARRANTY OF ANY KIND, EXPRESS OR
 * IMPLIED, INCLUDING BUT NOT LIMITED TO THE WARRANTIES OF MERCHANTABILITY,
 * FITNESS FOR A PARTICULAR PURPOSE AND NONINFRINGEMENT. IN NO EVENT SHALL THE
 * AUTHORS OR COPYRIGHT HOLDERS BE LIABLE FOR ANY CLAIM, DAMAGES OR OTHER
 * LIABILITY, WHETHER IN AN ACTION OF CONTRACT, TORT OR OTHERWISE, ARISING FROM,
 * OUT OF OR IN CONNECTION WITH THE SOFTWARE OR THE USE OR OTHER DEALINGS IN THE
 * SOFTWARE.
 */

#include <kernel/font/font.h>
#include <kernel/font/truetype.h>

struct font_t {
	struct truetype_fontinfo_t info;
	void * priv;
};

struct font_ctx_t {
	struct hmap_t * map[4];
	struct font_t builtin;
};
static struct font_ctx_t __font_ctx = { 0 };

static struct font_t * font_lookup(const char * family, enum font_style_t style, uint32_t code, int * glyph)
{
	struct font_ctx_t * ctx = &__font_ctx;
	struct hmap_entry_t * e;

	if(family)
	{
		char buf[1024];
		xos_strlcpy(buf, family, sizeof(buf));
		char * p = buf, * r, * v;
		while((r = xos_strsep(&p, ",")) != NULL)
		{
			v = xos_strim(r);
			if(v && (*v != '\0'))
			{
				struct font_t * font = hmap_search(ctx->map[style], v);
				if(font)
				{
					int glyidx = truetrype_find_glyph_index(&font->info, code);
					if(glyidx != 0)
					{
						if(glyph)
							*glyph = glyidx;
						return font;
					}
				}
			}
		}
	}

	hmap_for_each_entry(e, ctx->map[style])
	{
		struct font_t * font = e->value;
		if(font)
		{
			int glyidx = truetrype_find_glyph_index(&font->info, code);
			if(glyidx != 0)
			{
				if(glyph)
					*glyph = glyidx;
				return font;
			}
		}
	}

	for(int i = 0; i < 4; i++)
	{
		if(i == style)
			continue;
		hmap_for_each_entry(e, ctx->map[i])
		{
			struct font_t * font = e->value;
			if(font)
			{
				int glyidx = truetrype_find_glyph_index(&font->info, code);
				if(glyidx != 0)
				{
					if(glyph)
						*glyph = glyidx;
					return font;
				}
			}
		}
	}

	if(glyph)
		*glyph = truetrype_find_glyph_index(&ctx->builtin.info, code);
	return &ctx->builtin;
}

void font_install_from_xfs(const char * family, enum font_style_t style, struct xfs_context_t * xfs, const char * path)
{
	struct font_ctx_t * ctx = &__font_ctx;

	if(family && !hmap_search(ctx->map[style], family) && xfs && path)
	{
		void * addr = xfs_map(xfs, path, NULL);
		if(addr)
		{
			struct font_t * font = xos_mem_malloc(sizeof(struct font_t));
			if(font)
			{
				if(truetype_init(&font->info, (unsigned char *)addr, 0))
				{
					font->priv = NULL;
					hmap_add(ctx->map[style], family, font);
				}
				else
					xos_mem_free(font);
			}
		}
		else
		{
			struct xfs_file_t * file = xfs_open_read(xfs, path);
			if(file)
			{
				int64_t len = xfs_length(file);
				if(len > 0)
				{
					void * buf = xos_mem_malloc(len);
					if(buf)
					{
						int64_t n = xfs_read(file, buf, len);
						if(n > 0)
						{
							struct font_t * font = xos_mem_malloc(sizeof(struct font_t));
							if(font)
							{
								if(truetype_init(&font->info, (unsigned char *)buf, 0))
								{
									font->priv = buf;
									hmap_add(ctx->map[style], family, font);
								}
								else
								{
									xos_mem_free(font);
									xos_mem_free(buf);
								}
							}
						}
					}
				}
				xfs_close(file);
			}
		}
	}
}

void font_install_from_buf(const char * family, enum font_style_t style, const void * buf, int len)
{
	struct font_ctx_t * ctx = &__font_ctx;

	if(family && !hmap_search(ctx->map[style], family) && buf && (len > 0))
	{
		struct font_t * font = xos_mem_malloc(sizeof(struct font_t));
		if(font)
		{
			if(truetype_init(&font->info, (unsigned char *)buf, 0))
			{
				font->priv = NULL;
				hmap_add(ctx->map[style], family, font);
			}
			else
				xos_mem_free(font);
		}
	}
}

void font_uninstall(const char * family, enum font_style_t style)
{
	struct font_ctx_t * ctx = &__font_ctx;
	struct hmap_t * map = ctx->map[style];
	struct font_t * font = hmap_search(map, family);

	if(font)
	{
		hmap_remove(map, family);
		if(font->priv)
			xos_mem_free(font->priv);
		xos_mem_free(font);
	}
}

int font_icon_bound(const char * family, int size, uint32_t code, int * width, int * height)
{
	if(code > 0)
	{
		int glyph = 0;
		struct font_t * font = font_lookup(family, FONT_STYLE_REGULAR, code, &glyph);
		if(font)
		{
			float scale = truetype_scale_for_pixel_height(&font->info, size);
			int ascent, descent, advance;
			turetype_get_font_vmetrics(&font->info, &ascent, &descent, NULL);
			truetype_get_glyph_hmetrics(&font->info, glyph, &advance, NULL);
			if(width)
				*width = advance * scale;
			if(height)
				*height = (ascent - descent) * scale;
		}
		else
		{
			if(width)
				*width = 0;
			if(height)
				*height = 0;
		}
		return 1;
	}
	return 0;
}

void font_icon_render(const char * family, int size, int x, int y, uint32_t code, void (*cb)(void *, int, int, void *, int, int), void * data)
{
	if((code > 0) && cb)
	{
		int glyph = 0;
		struct font_t * font = font_lookup(family, FONT_STYLE_REGULAR, code, &glyph);
		if(font)
		{
			float scale = truetype_scale_for_pixel_height(&font->info, size);

			int ascent, advance, lsb;
			int x0, y0, x1, y1;
			turetype_get_font_vmetrics(&font->info, &ascent, NULL, NULL);
			truetype_get_glyph_hmetrics(&font->info, glyph, &advance, &lsb);
			truetype_get_glyph_bitmap_box(&font->info, glyph, scale, scale, &x0, &y0, &x1, &y1);

			int width = x1 - x0;
			int height = y1 - y0;
			unsigned char gray[width * height];
			truetype_make_glyph_bitmap(&font->info, gray, width, height, width, scale, scale, glyph);

			cb(data, x + lsb * scale, y + ascent * scale + y0, &gray[0], width, height);
		}
	}
}

int font_text_bound(const char * family, enum font_style_t style, int size, int wrap, const char * str, int * width, int * height)
{
	if(str)
	{
		struct font_t * pfont = NULL;
		float penx = 0, peny = 0;
		int pglyph = 0, glyph = 0;
		uint32_t code;

		if(width)
			*width = 0;
		if(height)
			*height = 0;
		if(utf8_to_ucs4(&code, 1, str, -1, NULL) > 0)
		{
			struct font_t * font = font_lookup(family, style, code, &glyph);
			if(font)
			{
				int ascent;
				turetype_get_font_vmetrics(&font->info, &ascent, NULL, NULL);
				peny += ascent * truetype_scale_for_pixel_height(&font->info, size);
				pglyph = glyph;
				pfont = font;
			}
			for(const char * p = str; utf8_to_ucs4(&code, 1, p, -1, &p) > 0; )
			{
				switch(code)
				{
				case '\r':
					penx = 0;
					pglyph = 0;
					pfont = NULL;
					break;
				case '\n':
					if(font)
					{
						int ascent, descent, linegap;
						turetype_get_font_vmetrics(&font->info, &ascent, &descent, &linegap);
						penx = 0;
						peny += (ascent - descent + linegap) * truetype_scale_for_pixel_height(&font->info, size);
						pglyph = 0;
						pfont = NULL;
					}
					break;
				case '\t':
					penx = 0 + ((int)((penx - 0) / (size << 1)) + 1) * (size << 1);
					pglyph = 0;
					pfont = NULL;
					break;
				default:
					font = font_lookup(family, style, code, &glyph);
					if(font)
					{
						float scale = truetype_scale_for_pixel_height(&font->info, size);

						int advance;
						truetype_get_glyph_hmetrics(&font->info, glyph, &advance, NULL);

						if(pglyph && (pfont == font))
							penx += truetype_get_glyph_kern_advance(&font->info, pglyph, glyph) * scale;
						if((wrap > 0) && (((penx - 0) + advance * scale) >= wrap))
						{
							int ascent, descent, linegap;
							turetype_get_font_vmetrics(&font->info, &ascent, &descent, &linegap);
							penx = 0;
							peny += (ascent - descent + linegap) * scale;
						}
						penx += advance * scale;
						pglyph = glyph;
						pfont = font;
					}
					else
					{
						penx += (size >> 1);
						pglyph = 0;
						pfont = NULL;
					}
					break;
				}
				if(width)
				{
					if(*width < penx)
						*width = penx;
				}
				if(height && font)
				{
					int descent = 0;
					turetype_get_font_vmetrics(&font->info, NULL, &descent, NULL);
					descent *= truetype_scale_for_pixel_height(&font->info, size);
					if(*height < peny - descent)
						*height = peny - descent;
				}
			}
		}
		return 1;
	}
	return 0;
}

void font_text_render(const char * family, enum font_style_t style, int size, int x, int y, int wrap, const char * str, void (*cb)(void *, int, int, void *, int, int), void * data)
{
	if(str && cb)
	{
		struct font_t * pfont = NULL;
		float penx = x, peny = y;
		int pglyph = 0, glyph = 0;
		uint32_t code;

		if(utf8_to_ucs4(&code, 1, str, -1, NULL) > 0)
		{
			struct font_t * font = font_lookup(family, style, code, &glyph);
			if(font)
			{
				int ascent;
				turetype_get_font_vmetrics(&font->info, &ascent, NULL, NULL);
				peny += ascent * truetype_scale_for_pixel_height(&font->info, size);
				pglyph = glyph;
				pfont = font;
			}
			for(const char * p = str; utf8_to_ucs4(&code, 1, p, -1, &p) > 0; )
			{
				switch(code)
				{
				case '\r':
					penx = x;
					pglyph = 0;
					pfont = NULL;
					break;
				case '\n':
					if(font)
					{
						int ascent, descent, linegap;
						turetype_get_font_vmetrics(&font->info, &ascent, &descent, &linegap);
						penx = x;
						peny += (ascent - descent + linegap) * truetype_scale_for_pixel_height(&font->info, size);
						pglyph = 0;
						pfont = NULL;
					}
					break;
				case '\t':
					penx = x + ((int)((penx - x) / (size << 1)) + 1) * (size << 1);
					pglyph = 0;
					pfont = NULL;
					break;
				default:
					font = font_lookup(family, style, code, &glyph);
					if(font)
					{
						float scale = truetype_scale_for_pixel_height(&font->info, size);

						int advance, lsb;
						int x0, y0, x1, y1;
						truetype_get_glyph_hmetrics(&font->info, glyph, &advance, &lsb);
						truetype_get_glyph_bitmap_box(&font->info, glyph, scale, scale, &x0, &y0, &x1, &y1);

						int width = x1 - x0;
						int height = y1 - y0;
						unsigned char gray[width * height];
						truetype_make_glyph_bitmap(&font->info, gray, width, height, width, scale, scale, glyph);

						if(pglyph && (pfont == font))
							penx += truetype_get_glyph_kern_advance(&font->info, pglyph, glyph) * scale;

						if((wrap > 0) && (((penx - x) + advance * scale) >= wrap))
						{
							int ascent, descent, linegap;
							turetype_get_font_vmetrics(&font->info, &ascent, &descent, &linegap);
							penx = x;
							peny += (ascent - descent + linegap) * scale;
						}
						cb(data, penx + lsb * scale, peny + y0, &gray[0], width, height);
						penx += advance * scale;
						pglyph = glyph;
						pfont = font;
					}
					else
					{
						penx += (size >> 1);
						pglyph = 0;
						pfont = NULL;
					}
					break;
				}
			}
		}
	}
}

static const unsigned char font_builtin[] = {
	0x00, 0x01, 0x00, 0x00, 0x00, 0x0a, 0x00, 0x80, 0x00, 0x03, 0x00, 0x20,
	0x63, 0x6d, 0x61, 0x70, 0x1c, 0xd6, 0xb0, 0x2e, 0x00, 0x00, 0x03, 0x9c,
	0x00, 0x00, 0x01, 0x84, 0x67, 0x6c, 0x79, 0x66, 0x99, 0xc3, 0x2b, 0x17,
	0x00, 0x00, 0x06, 0x5c, 0x00, 0x00, 0x43, 0x22, 0x68, 0x65, 0x61, 0x64,
	0x37, 0xfc, 0x88, 0x81, 0x00, 0x00, 0x00, 0xac, 0x00, 0x00, 0x00, 0x36,
	0x68, 0x68, 0x65, 0x61, 0x11, 0x35, 0x08, 0x8a, 0x00, 0x00, 0x00, 0xe4,
	0x00, 0x00, 0x00, 0x24, 0x68, 0x6d, 0x74, 0x78, 0x5a, 0xfa, 0x29, 0x4f,
	0x00, 0x00, 0x01, 0x28, 0x00, 0x00, 0x02, 0x74, 0x6b, 0x65, 0x72, 0x6e,
	0x45, 0x09, 0x41, 0xb5, 0x00, 0x00, 0x49, 0x80, 0x00, 0x00, 0x09, 0xc0,
	0x6c, 0x6f, 0x63, 0x61, 0x94, 0x99, 0xa6, 0x4e, 0x00, 0x00, 0x05, 0x20,
	0x00, 0x00, 0x01, 0x3c, 0x6d, 0x61, 0x78, 0x70, 0x00, 0xaf, 0x00, 0xba,
	0x00, 0x00, 0x01, 0x08, 0x00, 0x00, 0x00, 0x20, 0x6e, 0x61, 0x6d, 0x65,
	0x11, 0xd2, 0x1a, 0x93, 0x00, 0x00, 0x53, 0x40, 0x00, 0x00, 0x00, 0xdc,
	0x70, 0x6f, 0x73, 0x74, 0xff, 0x6d, 0x00, 0x64, 0x00, 0x00, 0x54, 0x1c,
	0x00, 0x00, 0x00, 0x20, 0x00, 0x01, 0x00, 0x00, 0x01, 0x49, 0xfb, 0xe7,
	0xfc, 0xd7, 0xe0, 0x09, 0x5f, 0x0f, 0x3c, 0xf5, 0x00, 0x19, 0x08, 0x00,
	0x00, 0x00, 0x00, 0x00, 0xe6, 0xe0, 0x0a, 0xcc, 0x00, 0x00, 0x00, 0x00,
	0xe6, 0xe0, 0x37, 0x86, 0xff, 0xbe, 0xfe, 0x2a, 0x0a, 0x08, 0x07, 0x20,
	0x00, 0x00, 0x00, 0x09, 0x00, 0x02, 0x00, 0x00, 0x00, 0x00, 0x00, 0x00,
	0x00, 0x01, 0x00, 0x00, 0x07, 0x6c, 0xfe, 0x0c, 0x00, 0x00, 0x0a, 0x00,
	0xff, 0xbe, 0xff, 0xe0, 0x0a, 0x08, 0x00, 0x01, 0x00, 0x00, 0x00, 0x00,
	0x00, 0x00, 0x00, 0x00, 0x00, 0x00, 0x00, 0x00, 0x00, 0x00, 0x00, 0x9d,
	0x00, 0x01, 0x00, 0x00, 0x00, 0x9d, 0x00, 0xa0, 0x00, 0x0d, 0x00, 0x18,
	0x00, 0x02, 0x00, 0x01, 0x00, 0x00, 0x00, 0x00, 0x00, 0x00, 0x00, 0x00,
	0x00, 0x00, 0x00, 0x00, 0x00, 0x02, 0x00, 0x01, 0x03, 0x8c, 0x00, 0x64,
	0x01, 0xfc, 0x00, 0x00, 0x02, 0x10, 0x00, 0xa1, 0x02, 0x90, 0x00, 0x89,
	0x04, 0xed, 0x00, 0x77, 0x04, 0x7f, 0x00, 0x6e, 0x05, 0xdc, 0x00, 0x69,
	0x04, 0xfa, 0x00, 0x66, 0x01, 0x66, 0x00, 0x68, 0x02, 0xbd, 0x00, 0x86,
	0x02, 0xc9, 0x00, 0x27, 0x03, 0x72, 0x00, 0x1c, 0x04, 0x8a, 0x00, 0x4e,
	0x01, 0x93, 0x00, 0x1d, 0x02, 0x36, 0x00, 0x26, 0x02, 0x1c, 0x00, 0x90,
	0x03, 0x4d, 0x00, 0x13, 0x04, 0x7f, 0x00, 0x73, 0x04, 0x7f, 0x00, 0xab,
	0x04, 0x7f, 0x00, 0x5e, 0x04, 0x7f, 0x00, 0x5f, 0x04, 0x7f, 0x00, 0x35,
	0x04, 0x7f, 0x00, 0x9a, 0x04, 0x7f, 0x00, 0x85, 0x04, 0x7f, 0x00, 0x4e,
	0x04, 0x7f, 0x00, 0x71, 0x04, 0x7f, 0x00, 0x64, 0x01, 0xf0, 0x00, 0x85,
	0x01, 0xb1, 0x00, 0x29, 0x04, 0x11, 0x00, 0x48, 0x04, 0x64, 0x00, 0x98,
	0x04, 0x2f, 0x00, 0x87, 0x03, 0xc8, 0x00, 0x4b, 0x07, 0x2f, 0x00, 0x6d,
	0x05, 0x38, 0x00, 0x1d, 0x04, 0xfc, 0x00, 0xa9, 0x05, 0x35, 0x00, 0x78,
	0x05, 0x40, 0x00, 0xa9, 0x04, 0x8c, 0x00, 0xa9, 0x04, 0x6c, 0x00, 0xa9,
	0x05, 0x73, 0x00, 0x7a, 0x05, 0xb5, 0x00, 0xa9, 0x02, 0x2d, 0x00, 0xb7,
	0x04, 0x6a, 0x00, 0x35, 0x05, 0x05, 0x00, 0xa9, 0x04, 0x4f, 0x00, 0xa9,
	0x06, 0xfc, 0x00, 0xa9, 0x05, 0xb5, 0x00, 0xa9, 0x05, 0x81, 0x00, 0x77,
	0x05, 0x0c, 0x00, 0xa9, 0x05, 0x81, 0x00, 0x6e, 0x04, 0xee, 0x00, 0xa9,
	0x04, 0xc0, 0x00, 0x51, 0x04, 0xc6, 0x00, 0x32, 0x05, 0x30, 0x00, 0x8c,
	0x05, 0x18, 0x00, 0x1d, 0x07, 0x19, 0x00, 0x3d, 0x05, 0x04, 0x00, 0x3a,
	0x04, 0xce, 0x00, 0x0f, 0x04, 0xcb, 0x00, 0x57, 0x02, 0x1f, 0x00, 0x93,
	0x03, 0x49, 0x00, 0x29, 0x02, 0x1f, 0x00, 0x0a, 0x03, 0x58, 0x00, 0x40,
	0x03, 0x9c, 0x00, 0x04, 0x02, 0x79, 0x00, 0x39, 0x04, 0x5a, 0x00, 0x6d,
	0x04, 0x7e, 0x00, 0x8c, 0x04, 0x30, 0x00, 0x5d, 0x04, 0x83, 0x00, 0x5f,
	0x04, 0x3e, 0x00, 0x5d, 0x02, 0xc8, 0x00, 0x3d, 0x04, 0x7e, 0x00, 0x61,
	0x04, 0x68, 0x00, 0x8d, 0x01, 0xf2, 0x00, 0x8e, 0x01, 0xea, 0xff, 0xbe,
	0x04, 0x0e, 0x00, 0x8d, 0x01, 0xf2, 0x00, 0x9c, 0x07, 0x04, 0x00, 0x8b,
	0x04, 0x6b, 0x00, 0x8d, 0x04, 0x90, 0x00, 0x5c, 0x04, 0x7e, 0x00, 0x8c,
	0x04, 0x8c, 0x00, 0x5f, 0x02, 0xb6, 0x00, 0x8d, 0x04, 0x21, 0x00, 0x5f,
	0x02, 0x9e, 0x00, 0x09, 0x04, 0x69, 0x00, 0x89, 0x03, 0xe0, 0x00, 0x21,
	0x06, 0x03, 0x00, 0x2b, 0x03, 0xf8, 0x00, 0x2a, 0x03, 0xc9, 0x00, 0x16,
	0x03, 0xf8, 0x00, 0x59, 0x02, 0xb5, 0x00, 0x40, 0x01, 0xf4, 0x00, 0xb0,
	0x02, 0xb5, 0x00, 0x14, 0x05, 0x71, 0x00, 0x83, 0x08, 0x00, 0x00, 0x00,
	0x08, 0x00, 0x00, 0x00, 0x08, 0x00, 0x00, 0x00, 0x08, 0x00, 0x00, 0x00,
	0x05, 0x80, 0x00, 0x00, 0x08, 0x00, 0x00, 0x20, 0x08, 0x00, 0x00, 0x40,
	0x09, 0x00, 0x00, 0x00, 0x08, 0x00, 0x00, 0x00, 0x09, 0x00, 0x00, 0x00,
	0x08, 0x00, 0x00, 0x00, 0x04, 0x00, 0x00, 0x00, 0x06, 0x00, 0x00, 0x00,
	0x09, 0x00, 0x00, 0x00, 0x08, 0x00, 0x00, 0x00, 0x05, 0x80, 0x00, 0x00,
	0x07, 0x00, 0x01, 0x00, 0x07, 0x00, 0x00, 0x00, 0x07, 0x00, 0x00, 0x00,
	0x07, 0x00, 0x00, 0x00, 0x07, 0x00, 0x01, 0x00, 0x07, 0x00, 0xff, 0xe0,
	0x05, 0x00, 0x00, 0x6c, 0x05, 0x00, 0x00, 0x6c, 0x07, 0x00, 0x00, 0x00,
	0x07, 0x00, 0x00, 0x00, 0x09, 0x00, 0x00, 0x00, 0x0a, 0x00, 0x00, 0x00,
	0x09, 0x00, 0xff, 0xe4, 0x08, 0x00, 0x00, 0x00, 0x07, 0x00, 0x00, 0x18,
	0x07, 0x00, 0x00, 0x18, 0x0a, 0x00, 0x00, 0x0c, 0x08, 0x00, 0x00, 0x00,
	0x08, 0x00, 0x00, 0x00, 0x08, 0x00, 0xff, 0xf0, 0x07, 0x00, 0x00, 0x00,
	0x07, 0x00, 0x00, 0x00, 0x07, 0x00, 0x00, 0x00, 0x07, 0x00, 0x00, 0x00,
	0x08, 0x00, 0x00, 0x00, 0x05, 0x00, 0xff, 0xfc, 0x07, 0x00, 0x00, 0x00,
	0x07, 0x00, 0x00, 0x00, 0x09, 0x00, 0x00, 0x00, 0x08, 0x00, 0xff, 0xf0,
	0x06, 0x00, 0x00, 0x00, 0x0a, 0x00, 0x00, 0x00, 0x0a, 0x00, 0x00, 0x00,
	0x0a, 0x00, 0x00, 0x00, 0x0a, 0x00, 0x00, 0x00, 0x0a, 0x00, 0x00, 0x00,
	0x0a, 0x00, 0x00, 0x00, 0x0a, 0x00, 0x00, 0x00, 0x07, 0x00, 0x00, 0x80,
	0x07, 0x00, 0x00, 0x00, 0x08, 0x00, 0xff, 0xfc, 0x0a, 0x00, 0x00, 0x00,
	0x06, 0x00, 0x00, 0x00, 0x08, 0x0c, 0x00, 0x04, 0x02, 0xb3, 0x00, 0x8b,
	0x00, 0x00, 0x00, 0x01, 0x00, 0x03, 0x00, 0x01, 0x00, 0x00, 0x00, 0x0c,
	0x00, 0x04, 0x01, 0x78, 0x00, 0x00, 0x00, 0x5a, 0x00, 0x40, 0x00, 0x05,
	0x00, 0x1a, 0x00, 0x7e, 0x20, 0x22, 0xf0, 0x01, 0xf0, 0x08, 0xf0, 0x0d,
	0xf0, 0x11, 0xf0, 0x13, 0xf0, 0x15, 0xf0, 0x19, 0xf0, 0x1c, 0xf0, 0x21,
	0xf0, 0x28, 0xf0, 0x3e, 0xf0, 0x43, 0xf0, 0x48, 0xf0, 0x4d, 0xf0, 0x54,
	0xf0, 0x68, 0xf0, 0x6e, 0xf0, 0x71, 0xf0, 0x74, 0xf0, 0x79, 0xf0, 0x7b,
	0xf0, 0x93, 0xf0, 0x95, 0xf0, 0xc5, 0xf0, 0xc7, 0xf0, 0xc9, 0xf0, 0xe0,
	0xf0, 0xe7, 0xf0, 0xea, 0xf0, 0xf3, 0xf1, 0x1c, 0xf1, 0x24, 0xf1, 0x58,
	0xf1, 0xeb, 0xf2, 0x44, 0xf2, 0x87, 0xf2, 0x93, 0xf2, 0xed, 0xf3, 0x04,
	0xf5, 0x5a, 0xf7, 0xc2, 0xf8, 0xa2, 0xff, 0xff, 0x00, 0x00, 0x00, 0x20,
	0x20, 0x22, 0xf0, 0x01, 0xf0, 0x08, 0xf0, 0x0b, 0xf0, 0x11, 0xf0, 0x13,
	0xf0, 0x15, 0xf0, 0x19, 0xf0, 0x1c, 0xf0, 0x21, 0xf0, 0x26, 0xf0, 0x3e,
	0xf0, 0x43, 0xf0, 0x48, 0xf0, 0x4b, 0xf0, 0x51, 0xf0, 0x67, 0xf0, 0x6e,
	0xf0, 0x70, 0xf0, 0x74, 0xf0, 0x77, 0xf0, 0x7b, 0xf0, 0x93, 0xf0, 0x95,
	0xf0, 0xc4, 0xf0, 0xc7, 0xf0, 0xc9, 0xf0, 0xe0, 0xf0, 0xe7, 0xf0, 0xea,
	0xf0, 0xf3, 0xf1, 0x1c, 0xf1, 0x24, 0xf1, 0x58, 0xf1, 0xeb, 0xf2, 0x40,
	0xf2, 0x87, 0xf2, 0x93, 0xf2, 0xed, 0xf3, 0x04, 0xf5, 0x5a, 0xf7, 0xc2,
	0xf8, 0xa2, 0xff, 0xff, 0xff, 0xe1, 0xe0, 0x7a, 0x10, 0x5f, 0x10, 0x59,
	0x10, 0x57, 0x10, 0x54, 0x10, 0x53, 0x10, 0x52, 0x10, 0x4f, 0x10, 0x4d,
	0x10, 0x49, 0x10, 0x45, 0x10, 0x30, 0x10, 0x2c, 0x10, 0x28, 0x10, 0x26,
	0x10, 0x23, 0x10, 0x11, 0x10, 0x0c, 0x10, 0x0b, 0x10, 0x09, 0x10, 0x07,
	0x10, 0x06, 0x0f, 0xef, 0x0f, 0xee, 0x0f, 0xc0, 0x0f, 0xbf, 0x0f, 0xbe,
	0x0f, 0xa8, 0x0f, 0xa2, 0x0f, 0xa0, 0x0f, 0x98, 0x0f, 0x70, 0x0f, 0x69,
	0x0f, 0x36, 0x0e, 0xa4, 0x0e, 0x50, 0x0e, 0x0e, 0x0e, 0x03, 0x0d, 0xaa,
	0x0d, 0x94, 0x0b, 0x3f, 0x08, 0xd8, 0x07, 0xf9, 0x00, 0x01, 0x00, 0x00,
	0x00, 0x00, 0x00, 0x00, 0x00, 0x00, 0x00, 0x00, 0x00, 0x00, 0x00, 0x00,
	0x00, 0x00, 0x00, 0x00, 0x00, 0x00, 0x00, 0x00, 0x00, 0x00, 0x00, 0x00,
	0x00, 0x00, 0x00, 0x00, 0x00, 0x00, 0x00, 0x00, 0x00, 0x00, 0x00, 0x00,
	0x00, 0x00, 0x00, 0x00, 0x00, 0x00, 0x00, 0x00, 0x00, 0x00, 0x00, 0x00,
	0x00, 0x00, 0x00, 0x00, 0x00, 0x00, 0x00, 0x00, 0x00, 0x00, 0x00, 0x00,
	0x00, 0x00, 0x00, 0x00, 0x00, 0x00, 0x00, 0x00, 0x00, 0x00, 0x00, 0x00,
	0x00, 0x00, 0x00, 0x00, 0x00, 0x00, 0x00, 0x00, 0x00, 0x00, 0x00, 0x00,
	0x00, 0x00, 0x00, 0x00, 0x00, 0x00, 0x00, 0x32, 0x00, 0x32, 0x00, 0x51,
	0x00, 0x6a, 0x00, 0x90, 0x00, 0xea, 0x01, 0x59, 0x01, 0xbb, 0x01, 0xcb,
	0x01, 0xf7, 0x02, 0x23, 0x02, 0x46, 0x02, 0x5b, 0x02, 0x71, 0x02, 0x7e,
	0x02, 0x94, 0x02, 0xa4, 0x02, 0xe8, 0x02, 0xfb, 0x03, 0x2d, 0x03, 0x7f,
	0x03, 0x9c, 0x03, 0xda, 0x04, 0x26, 0x04, 0x39, 0x04, 0x98, 0x04, 0xe4,
	0x04, 0xf0, 0x04, 0xfc, 0x05, 0x17, 0x05, 0x2b, 0x05, 0x46, 0x05, 0x89,
	0x06, 0x1e, 0x06, 0x40, 0x06, 0x8b, 0x06, 0xc4, 0x06, 0xf5, 0x07, 0x17,
	0x07, 0x33, 0x07, 0x74, 0x07, 0x8f, 0x07, 0x9d, 0x07, 0xbf, 0x07, 0xe4,
	0x07, 0xf8, 0x08, 0x1d, 0x08, 0x35, 0x08, 0x78, 0x08, 0xa0, 0x08, 0xec,
	0x09, 0x1f, 0x09, 0x6f, 0x09, 0x83, 0x09, 0xa7, 0x09, 0xc2, 0x09, 0xf7,
	0x0a, 0x17, 0x0a, 0x2f, 0x0a, 0x4d, 0x0a, 0x5f, 0x0a, 0x6e, 0x0a, 0x80,
	0x0a, 0x9a, 0x0a, 0xa6, 0x0a, 0xb5, 0x0b, 0x09, 0x0b, 0x4f, 0x0b, 0x88,
	0x0b, 0xce, 0x0c, 0x0c, 0x0c, 0x31, 0x0c, 0x8c, 0x0c, 0xb8, 0x0c, 0xd6,
	0x0d, 0x05, 0x0d, 0x2a, 0x0d, 0x38, 0x0d, 0x84, 0x0d, 0xb1, 0x0d, 0xef,
	0x0e, 0x36, 0x0e, 0x7d, 0x0e, 0xa5, 0x0e, 0xf1, 0x0f, 0x17, 0x0f, 0x44,
	0x0f, 0x5f, 0x0f, 0x91, 0x0f, 0xb0, 0x0f, 0xdf, 0x0f, 0xfd, 0x10, 0x36,
	0x10, 0x44, 0x10, 0x7e, 0x10, 0xb0, 0x10, 0xe1, 0x11, 0x91, 0x12, 0x1b,
	0x12, 0x44, 0x12, 0x85, 0x12, 0xe5, 0x13, 0x52, 0x13, 0xba, 0x14, 0x19,
	0x14, 0x51, 0x14, 0xcd, 0x14, 0xee, 0x15, 0x2b, 0x15, 0xb0, 0x15, 0xed,
	0x16, 0x29, 0x16, 0x4e, 0x16, 0x68, 0x16, 0x9a, 0x16, 0xb6, 0x16, 0xdc,
	0x17, 0x0d, 0x17, 0x37, 0x17, 0x61, 0x17, 0x95, 0x17, 0xb0, 0x18, 0x04,
	0x18, 0x7a, 0x18, 0xb3, 0x19, 0x12, 0x19, 0x3c, 0x19, 0x66, 0x19, 0xd1,
	0x19, 0xf1, 0x1a, 0x53, 0x1a, 0x82, 0x1a, 0xdd, 0x1b, 0x21, 0x1b, 0x61,
	0x1b, 0xa6, 0x1b, 0xff, 0x1c, 0x2d, 0x1c, 0x86, 0x1c, 0xcc, 0x1d, 0x92,
	0x1d, 0xb2, 0x1d, 0xfa, 0x1e, 0x4b, 0x1e, 0x87, 0x1e, 0xc3, 0x1e, 0xff,
	0x1f, 0x3b, 0x1f, 0x6f, 0x1f, 0xe8, 0x20, 0x38, 0x20, 0xa0, 0x20, 0xc8,
	0x21, 0x16, 0x21, 0x45, 0x21, 0x79, 0x21, 0x91, 0x00, 0x06, 0x00, 0x64,
	0x00, 0x00, 0x03, 0x28, 0x05, 0xb0, 0x00, 0x03, 0x00, 0x07, 0x00, 0x0b,
	0x00, 0x0f, 0x00, 0x13, 0x00, 0x17, 0x00, 0x00, 0x41, 0x15, 0x21, 0x35,
	0x33, 0x11, 0x23, 0x11, 0x21, 0x11, 0x23, 0x11, 0x13, 0x15, 0x21, 0x35,
	0x01, 0x01, 0x23, 0x01, 0x11, 0x01, 0x33, 0x01, 0x03, 0x09, 0xfd, 0x76,
	0x1b, 0x36, 0x02, 0xc4, 0x36, 0x17, 0xfd, 0x76, 0x02, 0x8a, 0xfd, 0xaf,
	0x3a, 0x02, 0x51, 0xfd, 0xaf, 0x3a, 0x02, 0x51, 0x05, 0xb0, 0x36, 0x36,
	0xfa, 0x50, 0x05, 0xb0, 0xfa, 0x50, 0x05, 0xb0, 0xfa, 0x86, 0x36, 0x36,
	0x05, 0x5c, 0xfa, 0x8c, 0x05, 0x74, 0xfa, 0x8c, 0x05, 0x74, 0xfa, 0x8c,
	0x00, 0x02, 0x00, 0xa1, 0xff, 0xf4, 0x01, 0x7c, 0x05, 0xb0, 0x00, 0x03,
	0x00, 0x0f, 0x00, 0x00, 0x41, 0x03, 0x23, 0x03, 0x03, 0x34, 0x36, 0x33,
	0x32, 0x16, 0x15, 0x14, 0x06, 0x23, 0x22, 0x26, 0x01, 0x69, 0x0d, 0xa7,
	0x0e, 0x06, 0x37, 0x36, 0x35, 0x39, 0x39, 0x35, 0x36, 0x37, 0x05, 0xb0,
	0xfb, 0xeb, 0x04, 0x15, 0xfa, 0xad, 0x2d, 0x3e, 0x3e, 0x2d, 0x2b, 0x3e,
	0x3e, 0x00, 0x00, 0x02, 0x00, 0x89, 0x04, 0x13, 0x02, 0x24, 0x06, 0x00,
	0x00, 0x05, 0x00, 0x0b, 0x00, 0x00, 0x41, 0x15, 0x03, 0x23, 0x11, 0x35,
	0x21, 0x15, 0x03, 0x23, 0x11, 0x35, 0x01, 0x16, 0x1e, 0x6f, 0x01, 0x9b,
	0x1e, 0x6f, 0x06, 0x00, 0x88, 0xfe, 0x9b, 0x01, 0x5c, 0x91, 0x88, 0xfe,
	0x9b, 0x01, 0x63, 0x8a, 0x00, 0x04, 0x00, 0x77, 0x00, 0x00, 0x04, 0xd3,
	0x05, 0xb0, 0x00, 0x03, 0x00, 0x07, 0x00, 0x0b, 0x00, 0x0f, 0x00, 0x00,
	0x61, 0x01, 0x33, 0x01, 0x21, 0x01, 0x33, 0x01, 0x01, 0x21, 0x35, 0x21,
	0x03, 0x21, 0x35, 0x21, 0x01, 0x17, 0x01, 0x1b, 0x90, 0xfe, 0xe4, 0x01,
	0x08, 0x01, 0x1c, 0x8f, 0xfe, 0xe4, 0x01, 0x96, 0xfb, 0xf0, 0x04, 0x10,
	0x4b, 0xfb, 0xef, 0x04, 0x11, 0x05, 0xb0, 0xfa, 0x50, 0x05, 0xb0, 0xfa,
	0x50, 0x03, 0x85, 0x8b, 0xfd, 0x8a, 0x8a, 0x00, 0x00, 0x03, 0x00, 0x6e,
	0xff, 0x30, 0x04, 0x12, 0x06, 0x9c, 0x00, 0x03, 0x00, 0x07, 0x00, 0x3d,
	0x00, 0x00, 0x41, 0x11, 0x23, 0x11, 0x13, 0x11, 0x23, 0x11, 0x01, 0x34,
	0x26, 0x26, 0x27, 0x2e, 0x02, 0x35, 0x34, 0x36, 0x36, 0x33, 0x32, 0x1e,
	0x02, 0x15, 0x23, 0x34, 0x2e, 0x02, 0x23, 0x22, 0x06, 0x06, 0x15, 0x14,
	0x16, 0x16, 0x17, 0x1e, 0x02, 0x15, 0x14, 0x06, 0x06, 0x23, 0x22, 0x2e,
	0x02, 0x35, 0x33, 0x14, 0x1e, 0x02, 0x33, 0x32, 0x36, 0x36, 0x02, 0xa2,
	0x96, 0x84, 0x95, 0x01, 0x5d, 0x36, 0x7c, 0x68, 0x7e, 0xb7, 0x63, 0x6a,
	0xc2, 0x83, 0x66, 0xa0, 0x6f, 0x3b, 0xb8, 0x20, 0x40, 0x5c, 0x3c, 0x54,
	0x6d, 0x34, 0x34, 0x7d, 0x6e, 0x81, 0xb4, 0x5e, 0x74, 0xd2, 0x8d, 0x55,
	0xa6, 0x86, 0x50, 0xba, 0x31, 0x52, 0x63, 0x31, 0x5a, 0x7d, 0x42, 0x06,
	0x9c, 0xfe, 0xcf, 0x01, 0x31, 0xf9, 0x9f, 0xfe, 0xf5, 0x01, 0x0b, 0x01,
	0x3c, 0x3c, 0x60, 0x50, 0x22, 0x27, 0x70, 0xa6, 0x76, 0x7b, 0xb2, 0x60,
	0x3d, 0x78, 0xae, 0x72, 0x43, 0x70, 0x53, 0x2d, 0x3a, 0x69, 0x45, 0x40,
	0x60, 0x4d, 0x25, 0x29, 0x6f, 0xa1, 0x77, 0x81, 0xb1, 0x5c, 0x2e, 0x69,
	0xad, 0x7e, 0x55, 0x6f, 0x41, 0x1b, 0x39, 0x6a, 0x00, 0x05, 0x00, 0x69,
	0xff, 0xeb, 0x05, 0x83, 0x05, 0xc5, 0x00, 0x11, 0x00, 0x23, 0x00, 0x35,
	0x00, 0x47, 0x00, 0x4b, 0x00, 0x00, 0x53, 0x35, 0x34, 0x36, 0x36, 0x33,
	0x32, 0x16, 0x16, 0x15, 0x15, 0x14, 0x06, 0x06, 0x23, 0x22, 0x26, 0x26,
	0x37, 0x15, 0x14, 0x16, 0x16, 0x33, 0x32, 0x36, 0x36, 0x35, 0x35, 0x34,
	0x26, 0x26, 0x23, 0x22, 0x06, 0x06, 0x01, 0x35, 0x34, 0x36, 0x36, 0x33,
	0x32, 0x16, 0x16, 0x15, 0x15, 0x14, 0x06, 0x06, 0x23, 0x22, 0x26, 0x26,
	0x37, 0x15, 0x14, 0x16, 0x16, 0x33, 0x32, 0x36, 0x36, 0x35, 0x35, 0x34,
	0x26, 0x26, 0x23, 0x22, 0x06, 0x06, 0x13, 0x01, 0x27, 0x01, 0x69, 0x48,
	0x86, 0x5c, 0x5e, 0x85, 0x48, 0x47, 0x85, 0x5d, 0x5d, 0x87, 0x48, 0x8b,
	0x23, 0x48, 0x36, 0x36, 0x46, 0x22, 0x23, 0x47, 0x36, 0x35, 0x47, 0x23,
	0x02, 0x3a, 0x48, 0x86, 0x5c, 0x5e, 0x85, 0x48, 0x47, 0x85, 0x5d, 0x5d,
	0x86, 0x49, 0x8b, 0x23, 0x48, 0x36, 0x36, 0x47, 0x22, 0x23, 0x47, 0x37,
	0x35, 0x47, 0x23, 0xcd, 0xfd, 0x39, 0x68, 0x02, 0xc7, 0x04, 0x4b, 0x4d,
	0x53, 0x88, 0x52, 0x52, 0x88, 0x53, 0x4d, 0x51, 0x88, 0x52, 0x52, 0x88,
	0x9e, 0x4d, 0x2e, 0x52, 0x33, 0x33, 0x52, 0x2e, 0x4d, 0x2f, 0x53, 0x33,
	0x33, 0x53, 0xfc, 0x50, 0x4e, 0x52, 0x88, 0x52, 0x52, 0x88, 0x52, 0x4e,
	0x52, 0x88, 0x52, 0x52, 0x88, 0xa0, 0x4e, 0x2e, 0x53, 0x33, 0x33, 0x52,
	0x2f, 0x4e, 0x2f, 0x52, 0x33, 0x33, 0x52, 0x03, 0x4d, 0xfb, 0x8e, 0x42,
	0x04, 0x72, 0x00, 0x01, 0x00, 0x66, 0xff, 0xec, 0x04, 0xf3, 0x05, 0xc4,
	0x00, 0x42, 0x00, 0x00, 0x41, 0x37, 0x36, 0x36, 0x35, 0x34, 0x26, 0x23,
	0x22, 0x06, 0x06, 0x15, 0x14, 0x16, 0x16, 0x17, 0x01, 0x23, 0x01, 0x2e,
	0x02, 0x35, 0x34, 0x36, 0x36, 0x33, 0x32, 0x16, 0x16, 0x15, 0x14, 0x06,
	0x06, 0x07, 0x05, 0x0e, 0x02, 0x15, 0x14, 0x16, 0x16, 0x33, 0x32, 0x3e,
	0x02, 0x35, 0x33, 0x14, 0x06, 0x06, 0x07, 0x06, 0x06, 0x07, 0x06, 0x06,
	0x23, 0x22, 0x26, 0x26, 0x35, 0x34, 0x36, 0x36, 0x01, 0x9a, 0xda, 0x3f,
	0x45, 0x5c, 0x54, 0x3a, 0x50, 0x28, 0x2c, 0x4e, 0x32, 0x02, 0xb1, 0xde,
	0xfd, 0xcb, 0x4b, 0x76, 0x43, 0x5b, 0xa4, 0x6e, 0x6b, 0x9b, 0x54, 0x32,
	0x59, 0x3b, 0xfe, 0xdf, 0x48, 0x42, 0x13, 0x3e, 0x7f, 0x60, 0x54, 0x9f,
	0x7e, 0x4b, 0xa6, 0x26, 0x4f, 0x3d, 0x09, 0x0a, 0x09, 0x4b, 0xdb, 0x6e,
	0x91, 0xd3, 0x72, 0x4f, 0x8b, 0x03, 0x28, 0x9b, 0x2b, 0x57, 0x4c, 0x3b,
	0x61, 0x36, 0x59, 0x35, 0x2d, 0x60, 0x68, 0x3a, 0xfc, 0xc6, 0x02, 0xa4,
	0x58, 0x93, 0x8a, 0x4a, 0x72, 0x9d, 0x52, 0x55, 0x8b, 0x53, 0x46, 0x6f,
	0x5c, 0x2c, 0xd7, 0x35, 0x60, 0x4a, 0x16, 0x47, 0x76, 0x47, 0x4d, 0x8f,
	0xc7, 0x79, 0x63, 0xb0, 0x97, 0x3e, 0x09, 0x18, 0x09, 0x51, 0x51, 0x6a,
	0xba, 0x78, 0x5c, 0x8c, 0x7a, 0x00, 0x00, 0x01, 0x00, 0x68, 0x04, 0x22,
	0x00, 0xfe, 0x06, 0x00, 0x00, 0x05, 0x00, 0x00, 0x53, 0x15, 0x03, 0x23,
	0x13, 0x35, 0xfe, 0x15, 0x81, 0x01, 0x06, 0x00, 0x6e, 0xfe, 0x90, 0x01,
	0x5f, 0x7f, 0x00, 0x01, 0x00, 0x86, 0xfe, 0x2a, 0x02, 0x96, 0x06, 0x6b,
	0x00, 0x17, 0x00, 0x00, 0x53, 0x35, 0x34, 0x12, 0x12, 0x36, 0x37, 0x17,
	0x0e, 0x02, 0x02, 0x15, 0x15, 0x14, 0x12, 0x16, 0x16, 0x17, 0x07, 0x26,
	0x26, 0x02, 0x02, 0x86, 0x62, 0x98, 0xa8, 0x47, 0x27, 0x3b, 0x79, 0x65,
	0x3e, 0x3e, 0x65, 0x79, 0x3b, 0x27, 0x47, 0xa8, 0x98, 0x62, 0x02, 0x46,
	0x0a, 0xda, 0x01, 0x61, 0x01, 0x0a, 0xaf, 0x27, 0x7a, 0x2d, 0x9e, 0xe6,
	0xfe, 0xd0, 0xbe, 0x0e, 0xbe, 0xfe, 0xcf, 0xe8, 0xa3, 0x30, 0x70, 0x27,
	0xaf, 0x01, 0x09, 0x01, 0x62, 0x00, 0x00, 0x01, 0x00, 0x27, 0xfe, 0x2a,
	0x02, 0x37, 0x06, 0x6b, 0x00, 0x17, 0x00, 0x00, 0x41, 0x15, 0x14, 0x02,
	0x02, 0x06, 0x07, 0x27, 0x3e, 0x02, 0x12, 0x35, 0x35, 0x34, 0x02, 0x26,
	0x26, 0x27, 0x37, 0x16, 0x16, 0x12, 0x12, 0x02, 0x37, 0x62, 0x98, 0xa8,
	0x47, 0x27, 0x3b, 0x78, 0x66, 0x3e, 0x42, 0x69, 0x77, 0x35, 0x27, 0x47,
	0xa8, 0x98, 0x62, 0x02, 0x50, 0x0a, 0xdb, 0xfe, 0x9e, 0xfe, 0xf7, 0xaf,
	0x27, 0x70, 0x2d, 0xa1, 0xeb, 0x01, 0x33, 0xbe, 0x0e, 0xbe, 0x01, 0x33,
	0xea, 0xa1, 0x2c, 0x71, 0x27, 0xaf, 0xfe, 0xf6, 0xfe, 0x9f, 0x00, 0x01,
	0x00, 0x1c, 0x02, 0x62, 0x03, 0x56, 0x05, 0xb1, 0x00, 0x0e, 0x00, 0x00,
	0x53, 0x13, 0x25, 0x37, 0x05, 0x03, 0x33, 0x03, 0x25, 0x17, 0x05, 0x13,
	0x07, 0x03, 0x03, 0x81, 0xc9, 0xfe, 0xd2, 0x2f, 0x01, 0x2e, 0x09, 0x98,
	0x0a, 0x01, 0x2a, 0x2e, 0xfe, 0xcd, 0xc5, 0x7c, 0xb9, 0xb5, 0x02, 0xc4,
	0x01, 0x14, 0x5a, 0x96, 0x6f, 0x01, 0x58, 0xfe, 0xa2, 0x6f, 0x99, 0x5b,
	0xfe, 0xf1, 0x5d, 0x01, 0x20, 0xfe, 0xe7, 0x00, 0x00, 0x02, 0x00, 0x4e,
	0x00, 0x92, 0x04, 0x34, 0x04, 0xb6, 0x00, 0x03, 0x00, 0x07, 0x00, 0x00,
	0x41, 0x15, 0x21, 0x35, 0x01, 0x11, 0x23, 0x11, 0x04, 0x34, 0xfc, 0x1a,
	0x02, 0x50, 0xb9, 0x03, 0x0d, 0xae, 0xae, 0x01, 0xa9, 0xfb, 0xdc, 0x04,
	0x24, 0x00, 0x00, 0x01, 0x00, 0x1d, 0xfe, 0xdd, 0x01, 0x35, 0x00, 0xdc,
	0x00, 0x0a, 0x00, 0x00, 0x65, 0x15, 0x14, 0x06, 0x07, 0x27, 0x3e, 0x02,
	0x35, 0x35, 0x01, 0x35, 0x5c, 0x53, 0x69, 0x20, 0x2c, 0x17, 0xdc, 0x95,
	0x5b, 0xcb, 0x44, 0x49, 0x2c, 0x5b, 0x61, 0x36, 0x98, 0x00, 0x00, 0x01,
	0x00, 0x26, 0x02, 0x1f, 0x02, 0x0e, 0x02, 0xb7, 0x00, 0x03, 0x00, 0x00,
	0x41, 0x15, 0x21, 0x35, 0x02, 0x0e, 0xfe, 0x18, 0x02, 0xb7, 0x98, 0x98,
	0x00, 0x01, 0x00, 0x90, 0xff, 0xf4, 0x01, 0x76, 0x00, 0xd2, 0x00, 0x0b,
	0x00, 0x00, 0x77, 0x34, 0x36, 0x33, 0x32, 0x16, 0x15, 0x14, 0x06, 0x23,
	0x22, 0x26, 0x90, 0x3b, 0x38, 0x38, 0x3b, 0x3b, 0x38, 0x38, 0x3b, 0x62,
	0x2f, 0x41, 0x41, 0x2f, 0x2e, 0x40, 0x40, 0x00, 0x00, 0x01, 0x00, 0x13,
	0xff, 0x83, 0x03, 0x11, 0x05, 0xb0, 0x00, 0x03, 0x00, 0x00, 0x41, 0x01,
	0x23, 0x01, 0x03, 0x11, 0xfd, 0xa1, 0x9f, 0x02, 0x60, 0x05, 0xb0, 0xf9,
	0xd3, 0x06, 0x2d, 0x00, 0x00, 0x02, 0x00, 0x73, 0xff, 0xec, 0x04, 0x0b,
	0x05, 0xc4, 0x00, 0x17, 0x00, 0x2f, 0x00, 0x00, 0x41, 0x15, 0x14, 0x0e,
	0x02, 0x23, 0x22, 0x2e, 0x03, 0x35, 0x35, 0x34, 0x3e, 0x02, 0x33, 0x32,
	0x1e, 0x03, 0x03, 0x11, 0x34, 0x2e, 0x03, 0x23, 0x22, 0x0e, 0x02, 0x15,
	0x11, 0x14, 0x1e, 0x03, 0x33, 0x32, 0x3e, 0x02, 0x04, 0x0b, 0x40, 0x78,
	0xa9, 0x6a, 0x54, 0x8e, 0x71, 0x50, 0x2a, 0x41, 0x78, 0xa9, 0x69, 0x55,
	0x8f, 0x70, 0x4f, 0x2a, 0xba, 0x17, 0x2c, 0x43, 0x57, 0x36, 0x42, 0x66,
	0x45, 0x24, 0x17, 0x2e, 0x42, 0x57, 0x35, 0x44, 0x66, 0x45, 0x22, 0x03,
	0x4c, 0xde, 0xb3, 0xf6, 0x96, 0x43, 0x2a, 0x5d, 0x96, 0xd6, 0x8f, 0xde,
	0xb3, 0xf2, 0x93, 0x40, 0x29, 0x59, 0x93, 0xd4, 0xfe, 0x75, 0x01, 0x1b,
	0x62, 0x95, 0x6a, 0x42, 0x1f, 0x31, 0x6a, 0xac, 0x7b, 0xfe, 0xe5, 0x62,
	0x96, 0x6d, 0x46, 0x21, 0x34, 0x6f, 0xaf, 0x00, 0x00, 0x01, 0x00, 0xab,
	0x00, 0x00, 0x02, 0xd9, 0x05, 0xb8, 0x00, 0x06, 0x00, 0x00, 0x41, 0x11,
	0x23, 0x11, 0x05, 0x35, 0x25, 0x02, 0xd9, 0xb9, 0xfe, 0x8b, 0x02, 0x11,
	0x05, 0xb8, 0xfa, 0x48, 0x04, 0xd1, 0x88, 0xa7, 0xc8, 0x00, 0x00, 0x01,
	0x00, 0x5e, 0x00, 0x00, 0x04, 0x33, 0x05, 0xc4, 0x00, 0x1f, 0x00, 0x00,
	0x65, 0x15, 0x21, 0x35, 0x01, 0x3e, 0x02, 0x35, 0x34, 0x26, 0x26, 0x23,
	0x22, 0x06, 0x06, 0x15, 0x23, 0x34, 0x36, 0x36, 0x33, 0x32, 0x16, 0x16,
	0x15, 0x14, 0x0e, 0x02, 0x07, 0x01, 0x04, 0x33, 0xfc, 0x47, 0x01, 0xdd,
	0x58, 0x61, 0x27, 0x3b, 0x72, 0x51, 0x61, 0x81, 0x40, 0xb9, 0x6c, 0xd4,
	0x9b, 0x8a, 0xc4, 0x69, 0x2b, 0x4b, 0x63, 0x38, 0xfe, 0x7a, 0x98, 0x98,
	0x85, 0x02, 0x13, 0x62, 0x89, 0x6d, 0x39, 0x48, 0x75, 0x46, 0x4b, 0x86,
	0x57, 0x7b, 0xcc, 0x79, 0x61, 0xaf, 0x75, 0x40, 0x83, 0x82, 0x7e, 0x3d,
	0xfe, 0x59, 0x00, 0x02, 0x00, 0x5f, 0xff, 0xec, 0x03, 0xfa, 0x05, 0xc4,
	0x00, 0x1c, 0x00, 0x3b, 0x00, 0x00, 0x41, 0x33, 0x32, 0x36, 0x36, 0x35,
	0x34, 0x26, 0x26, 0x23, 0x22, 0x06, 0x06, 0x15, 0x23, 0x34, 0x36, 0x36,
	0x33, 0x32, 0x16, 0x16, 0x15, 0x14, 0x0e, 0x02, 0x23, 0x23, 0x15, 0x35,
	0x33, 0x32, 0x1e, 0x02, 0x15, 0x14, 0x0e, 0x02, 0x23, 0x22, 0x2e, 0x02,
	0x35, 0x33, 0x14, 0x16, 0x16, 0x33, 0x32, 0x36, 0x36, 0x35, 0x34, 0x26,
	0x26, 0x23, 0x01, 0x87, 0x84, 0x61, 0x7f, 0x3f, 0x38, 0x70, 0x56, 0x4e,
	0x77, 0x43, 0xb9, 0x70, 0xcb, 0x86, 0x84, 0xc6, 0x6e, 0x33, 0x6b, 0xaa,
	0x77, 0x9e, 0x9e, 0x8b, 0xb6, 0x69, 0x2b, 0x45, 0x7d, 0xa8, 0x63, 0x5f,
	0xa7, 0x80, 0x48, 0xb9, 0x43, 0x7d, 0x55, 0x55, 0x7b, 0x43, 0x4c, 0x8b,
	0x5e, 0x03, 0x33, 0x41, 0x71, 0x47, 0x54, 0x72, 0x3a, 0x3d, 0x70, 0x4c,
	0x6f, 0xb6, 0x6c, 0x5d, 0xb7, 0x88, 0x37, 0x7d, 0x6c, 0x45, 0x28, 0x6f,
	0x42, 0x6e, 0x83, 0x41, 0x66, 0x9e, 0x6e, 0x38, 0x36, 0x67, 0x97, 0x61,
	0x4c, 0x72, 0x3f, 0x3b, 0x78, 0x5b, 0x5b, 0x75, 0x39, 0x00, 0x00, 0x02,
	0x00, 0x35, 0x00, 0x00, 0x04, 0x51, 0x05, 0xb0, 0x00, 0x07, 0x00, 0x0b,
	0x00, 0x00, 0x41, 0x15, 0x21, 0x35, 0x01, 0x33, 0x03, 0x01, 0x01, 0x11,
	0x23, 0x11, 0x04, 0x51, 0xfb, 0xe4, 0x02, 0x8c, 0x97, 0xa2, 0xfe, 0x51,
	0x02, 0x7f, 0xb9, 0x01, 0xea, 0x98, 0x6d, 0x03, 0xf1, 0xfe, 0xdc, 0xfd,
	0x5e, 0x03, 0xc6, 0xfa, 0x50, 0x05, 0xb0, 0x00, 0x00, 0x01, 0x00, 0x9a,
	0xff, 0xec, 0x04, 0x2e, 0x05, 0xb0, 0x00, 0x29, 0x00, 0x00, 0x41, 0x27,
	0x13, 0x21, 0x15, 0x21, 0x03, 0x36, 0x36, 0x33, 0x32, 0x1e, 0x02, 0x15,
	0x14, 0x0e, 0x02, 0x23, 0x22, 0x2e, 0x02, 0x27, 0x33, 0x1e, 0x02, 0x33,
	0x32, 0x3e, 0x02, 0x35, 0x34, 0x2e, 0x02, 0x23, 0x22, 0x06, 0x01, 0x63,
	0x94, 0x49, 0x02, 0xeb, 0xfd, 0xb2, 0x2c, 0x28, 0x7b, 0x50, 0x65, 0xa0,
	0x71, 0x3c, 0x39, 0x72, 0xad, 0x75, 0x58, 0x9d, 0x7b, 0x4d, 0x0a, 0xb0,
	0x0c, 0x48, 0x75, 0x4e, 0x42, 0x66, 0x46, 0x25, 0x26, 0x4b, 0x6c, 0x46,
	0x5d, 0x5f, 0x02, 0xb5, 0x26, 0x02, 0xd5, 0xab, 0xfe, 0x74, 0x17, 0x28,
	0x45, 0x80, 0xb4, 0x6f, 0x69, 0xb0, 0x83, 0x48, 0x31, 0x65, 0x97, 0x66,
	0x52, 0x70, 0x39, 0x2e, 0x56, 0x7a, 0x4c, 0x45, 0x76, 0x58, 0x31, 0x32,
	0x00, 0x01, 0x00, 0x85, 0xff, 0xec, 0x04, 0x1d, 0x05, 0xb2, 0x00, 0x36,
	0x00, 0x00, 0x41, 0x33, 0x15, 0x23, 0x22, 0x0e, 0x02, 0x15, 0x15, 0x14,
	0x1e, 0x02, 0x33, 0x32, 0x3e, 0x02, 0x35, 0x34, 0x2e, 0x02, 0x23, 0x22,
	0x06, 0x06, 0x07, 0x27, 0x3e, 0x03, 0x33, 0x32, 0x1e, 0x02, 0x15, 0x14,
	0x0e, 0x02, 0x23, 0x22, 0x2e, 0x02, 0x35, 0x35, 0x34, 0x12, 0x36, 0x24,
	0x03, 0x3f, 0x10, 0x10, 0x93, 0xc6, 0x74, 0x33, 0x2e, 0x50, 0x65, 0x37,
	0x40, 0x64, 0x45, 0x24, 0x20, 0x42, 0x63, 0x44, 0x4d, 0x85, 0x55, 0x06,
	0x62, 0x0e, 0x4d, 0x73, 0x8f, 0x50, 0x6d, 0x9e, 0x66, 0x31, 0x3a, 0x73,
	0xa8, 0x6f, 0x76, 0xb0, 0x74, 0x3a, 0x3e, 0x99, 0x01, 0x10, 0x05, 0xb2,
	0x9d, 0x5f, 0x9f, 0xc6, 0x66, 0xd6, 0x61, 0x95, 0x66, 0x34, 0x31, 0x59,
	0x7a, 0x49, 0x41, 0x79, 0x5f, 0x37, 0x4b, 0x79, 0x47, 0x01, 0x70, 0x9f,
	0x65, 0x2f, 0x52, 0x89, 0xab, 0x5a, 0x67, 0xb4, 0x88, 0x4c, 0x61, 0xa2,
	0xc6, 0x66, 0x57, 0x9a, 0x01, 0x28, 0xf0, 0x8e, 0x00, 0x01, 0x00, 0x4e,
	0x00, 0x00, 0x04, 0x26, 0x05, 0xb0, 0x00, 0x06, 0x00, 0x00, 0x41, 0x15,
	0x01, 0x23, 0x01, 0x21, 0x35, 0x04, 0x26, 0xfd, 0xa5, 0xc3, 0x02, 0x5a,
	0xfc, 0xec, 0x05, 0xb0, 0x68, 0xfa, 0xb8, 0x05, 0x18, 0x98, 0x00, 0x04,
	0x00, 0x71, 0xff, 0xec, 0x04, 0x0f, 0x05, 0xc4, 0x00, 0x10, 0x00, 0x20,
	0x00, 0x30, 0x00, 0x40, 0x00, 0x00, 0x41, 0x14, 0x06, 0x06, 0x23, 0x22,
	0x26, 0x26, 0x35, 0x34, 0x3e, 0x02, 0x33, 0x32, 0x16, 0x16, 0x07, 0x34,
	0x26, 0x26, 0x23, 0x22, 0x06, 0x06, 0x15, 0x14, 0x16, 0x16, 0x33, 0x32,
	0x36, 0x36, 0x13, 0x14, 0x06, 0x06, 0x23, 0x22, 0x26, 0x26, 0x35, 0x34,
	0x36, 0x36, 0x33, 0x32, 0x16, 0x16, 0x07, 0x34, 0x26, 0x26, 0x23, 0x22,
	0x06, 0x06, 0x15, 0x14, 0x16, 0x16, 0x33, 0x32, 0x36, 0x36, 0x04, 0x0f,
	0x7b, 0xd1, 0x83, 0x83, 0xd2, 0x7a, 0x43, 0x7b, 0xa9, 0x66, 0x86, 0xd2,
	0x79, 0xba, 0x46, 0x7e, 0x53, 0x55, 0x7b, 0x44, 0x43, 0x7d, 0x56, 0x56,
	0x7c, 0x43, 0x98, 0x70, 0xc2, 0x7b, 0x7d, 0xc3, 0x6e, 0x6f, 0xc2, 0x7c,
	0x7d, 0xc2, 0x6f, 0xb9, 0x3e, 0x6e, 0x49, 0x49, 0x6d, 0x3d, 0x3d, 0x6e,
	0x49, 0x49, 0x6d, 0x3e, 0x01, 0x8a, 0x85, 0xb9, 0x60, 0x60, 0xb9, 0x85,
	0x57, 0x91, 0x6c, 0x3b, 0x67, 0xb4, 0x70, 0x51, 0x7d, 0x46, 0x46, 0x7d,
	0x51, 0x54, 0x77, 0x3f, 0x3f, 0x77, 0x02, 0xfb, 0x6a, 0xaa, 0x62, 0x62,
	0xaa, 0x6a, 0x7f, 0xb2, 0x5e, 0x5e, 0xb2, 0x82, 0x49, 0x70, 0x41, 0x3d,
	0x70, 0x4d, 0x4b, 0x70, 0x3e, 0x3e, 0x70, 0x00, 0x00, 0x01, 0x00, 0x64,
	0xff, 0xfe, 0x03, 0xf8, 0x05, 0xc4, 0x00, 0x38, 0x00, 0x00, 0x65, 0x33,
	0x32, 0x3e, 0x02, 0x35, 0x35, 0x34, 0x2e, 0x02, 0x23, 0x22, 0x0e, 0x02,
	0x15, 0x14, 0x1e, 0x02, 0x33, 0x32, 0x3e, 0x02, 0x37, 0x33, 0x14, 0x0e,
	0x02, 0x23, 0x22, 0x2e, 0x02, 0x35, 0x34, 0x3e, 0x02, 0x33, 0x32, 0x1e,
	0x02, 0x15, 0x15, 0x14, 0x0e, 0x03, 0x23, 0x23, 0x01, 0x31, 0x13, 0xa0,
	0xc8, 0x6c, 0x28, 0x2d, 0x4f, 0x64, 0x38, 0x40, 0x65, 0x45, 0x24, 0x20,
	0x42, 0x63, 0x43, 0x3e, 0x6d, 0x55, 0x33, 0x04, 0x58, 0x41, 0x74, 0x9c,
	0x5c, 0x6c, 0x9e, 0x65, 0x31, 0x3a, 0x72, 0xa9, 0x6f, 0x7d, 0xb0, 0x6f,
	0x34, 0x1d, 0x51, 0x9a, 0xf7, 0xb5, 0x13, 0x9b, 0x5a, 0x98, 0xbf, 0x65,
	0xdf, 0x63, 0x9a, 0x68, 0x36, 0x33, 0x5c, 0x7c, 0x49, 0x41, 0x7a, 0x62,
	0x39, 0x31, 0x55, 0x6c, 0x3b, 0x53, 0xa1, 0x84, 0x4f, 0x54, 0x8c, 0xad,
	0x59, 0x68, 0xb6, 0x8b, 0x4e, 0x64, 0xa8, 0xd2, 0x6f, 0x43, 0x71, 0xe9,
	0xd4, 0xa7, 0x61, 0x00, 0xff, 0xff, 0x00, 0x85, 0xff, 0xf4, 0x01, 0x6c,
	0x04, 0x45, 0x04, 0x26, 0x00, 0x0f, 0xf5, 0x00, 0x00, 0x07, 0x00, 0x0f,
	0xff, 0xf6, 0x03, 0x73, 0xff, 0xff, 0x00, 0x29, 0xfe, 0xdd, 0x01, 0x54,
	0x04, 0x45, 0x04, 0x27, 0x00, 0x0f, 0xff, 0xde, 0x03, 0x73, 0x00, 0x06,
	0x00, 0x0d, 0x0c, 0x00, 0x00, 0x02, 0x00, 0x48, 0x00, 0xc4, 0x03, 0x7a,
	0x04, 0x4a, 0x00, 0x04, 0x00, 0x09, 0x00, 0x00, 0x53, 0x01, 0x15, 0x01,
	0x35, 0x25, 0x01, 0x07, 0x35, 0x01, 0xc7, 0x02, 0xb3, 0xfc, 0xce, 0x03,
	0x32, 0xfd, 0x4e, 0x80, 0x03, 0x32, 0x02, 0xa0, 0xfe, 0xe8, 0xc4, 0x01,
	0x7b, 0x73, 0xd4, 0xfe, 0xe4, 0x0e, 0x74, 0x01, 0x7a, 0x00, 0x00, 0x02,
	0x00, 0x98, 0x01, 0x8f, 0x03, 0xda, 0x03, 0xcf, 0x00, 0x03, 0x00, 0x07,
	0x00, 0x00, 0x41, 0x15, 0x21, 0x35, 0x01, 0x15, 0x21, 0x35, 0x03, 0xda,
	0xfc, 0xbe, 0x03, 0x42, 0xfc, 0xbe, 0x03, 0xcf, 0xa1, 0xa1, 0xfe, 0x61,
	0xa1, 0xa1, 0x00, 0x02, 0x00, 0x87, 0x00, 0xc5, 0x03, 0xdd, 0x04, 0x4c,
	0x00, 0x04, 0x00, 0x09, 0x00, 0x00, 0x41, 0x01, 0x35, 0x01, 0x15, 0x05,
	0x01, 0x37, 0x15, 0x01, 0x03, 0x4e, 0xfd, 0x39, 0x03, 0x56, 0xfc, 0xaa,
	0x02, 0xc9, 0x8d, 0xfc, 0xaa, 0x02, 0x78, 0x01, 0x15, 0xbf, 0xfe, 0x86,
	0x75, 0xd9, 0x01, 0x1b, 0x15, 0x74, 0xfe, 0x85, 0x00, 0x02, 0x00, 0x4b,
	0xff, 0xf4, 0x03, 0x77, 0x05, 0xc4, 0x00, 0x20, 0x00, 0x2c, 0x00, 0x00,
	0x41, 0x23, 0x3e, 0x02, 0x37, 0x3e, 0x02, 0x35, 0x34, 0x26, 0x26, 0x23,
	0x22, 0x06, 0x06, 0x07, 0x23, 0x3e, 0x02, 0x33, 0x32, 0x16, 0x16, 0x15,
	0x14, 0x06, 0x06, 0x07, 0x06, 0x06, 0x03, 0x34, 0x36, 0x33, 0x32, 0x16,
	0x15, 0x14, 0x06, 0x23, 0x22, 0x26, 0x02, 0x1f, 0xba, 0x01, 0x21, 0x4c,
	0x3f, 0x2e, 0x4d, 0x30, 0x31, 0x5f, 0x46, 0x3a, 0x68, 0x40, 0x01, 0xb9,
	0x02, 0x6d, 0xba, 0x73, 0x7f, 0xb3, 0x5e, 0x49, 0x72, 0x40, 0x37, 0x26,
	0xc2, 0x38, 0x35, 0x36, 0x38, 0x38, 0x36, 0x35, 0x38, 0x01, 0x9a, 0x60,
	0x7b, 0x66, 0x41, 0x2f, 0x53, 0x61, 0x44, 0x45, 0x64, 0x36, 0x2a, 0x57,
	0x46, 0x71, 0xa2, 0x56, 0x5c, 0xab, 0x75, 0x5a, 0x97, 0x84, 0x3c, 0x33,
	0x80, 0xfe, 0x79, 0x2d, 0x3e, 0x3e, 0x2d, 0x2b, 0x3e, 0x3e, 0x00, 0x02,
	0x00, 0x6d, 0xfe, 0x3b, 0x06, 0xcf, 0x05, 0x97, 0x00, 0x41, 0x00, 0x68,
	0x00, 0x00, 0x41, 0x0e, 0x03, 0x23, 0x22, 0x2e, 0x02, 0x37, 0x13, 0x33,
	0x03, 0x06, 0x1e, 0x02, 0x33, 0x32, 0x3e, 0x02, 0x37, 0x36, 0x2e, 0x03,
	0x23, 0x22, 0x0e, 0x03, 0x07, 0x06, 0x1e, 0x03, 0x33, 0x32, 0x36, 0x37,
	0x17, 0x06, 0x06, 0x23, 0x22, 0x2e, 0x02, 0x02, 0x37, 0x36, 0x12, 0x36,
	0x36, 0x24, 0x33, 0x32, 0x1e, 0x02, 0x12, 0x05, 0x06, 0x1e, 0x02, 0x33,
	0x32, 0x3e, 0x02, 0x37, 0x17, 0x0e, 0x03, 0x23, 0x22, 0x2e, 0x02, 0x37,
	0x3e, 0x04, 0x33, 0x32, 0x16, 0x17, 0x07, 0x26, 0x26, 0x23, 0x22, 0x0e,
	0x02, 0x06, 0xc8, 0x04, 0x30, 0x60, 0x99, 0x6c, 0x45, 0x67, 0x41, 0x19,
	0x08, 0x33, 0x93, 0x33, 0x06, 0x13, 0x28, 0x33, 0x18, 0x3c, 0x5e, 0x41,
	0x24, 0x04, 0x07, 0x29, 0x61, 0x9c, 0xd8, 0x8b, 0x7e, 0xd5, 0xa9, 0x79,
	0x45, 0x06, 0x07, 0x2e, 0x67, 0x9e, 0xd0, 0x80, 0x58, 0xb5, 0x3d, 0x26,
	0x46, 0xd1, 0x5d, 0x98, 0xfb, 0xc1, 0x80, 0x3c, 0x07, 0x07, 0x55, 0x94,
	0xcd, 0x01, 0x01, 0x97, 0x9a, 0xfa, 0xbd, 0x7c, 0x39, 0xfb, 0xf6, 0x07,
	0x0e, 0x28, 0x41, 0x2c, 0x1d, 0x40, 0x3e, 0x36, 0x12, 0x42, 0x17, 0x49,
	0x5a, 0x65, 0x34, 0x49, 0x6e, 0x44, 0x1b, 0x09, 0x09, 0x38, 0x53, 0x69,
	0x76, 0x3e, 0x6c, 0x7c, 0x38, 0x55, 0x1d, 0x5e, 0x40, 0x37, 0x60, 0x4d,
	0x34, 0x01, 0xf7, 0x5c, 0xb9, 0x9a, 0x5d, 0x31, 0x5c, 0x82, 0x50, 0x02,
	0x2a, 0xfd, 0xd6, 0x49, 0x5c, 0x31, 0x12, 0x3f, 0x6f, 0x93, 0x54, 0x95,
	0xfa, 0xc2, 0x86, 0x46, 0x4d, 0x90, 0xca, 0xfd, 0x92, 0x96, 0xfb, 0xc5,
	0x89, 0x47, 0x2a, 0x24, 0x72, 0x2d, 0x2c, 0x53, 0x9f, 0xe3, 0x01, 0x22,
	0xac, 0xa4, 0x01, 0x22, 0xec, 0xab, 0x5c, 0x54, 0x9e, 0xe4, 0xfe, 0xe0,
	0xff, 0x46, 0x6e, 0x4c, 0x27, 0x1d, 0x3e, 0x64, 0x46, 0x48, 0x52, 0x7c,
	0x54, 0x2b, 0x3f, 0x74, 0xa1, 0x63, 0x69, 0xb2, 0x8c, 0x62, 0x33, 0x3f,
	0x2b, 0x63, 0x1c, 0x30, 0x38, 0x70, 0xa5, 0x00, 0x00, 0x03, 0x00, 0x1d,
	0x00, 0x00, 0x05, 0x1e, 0x05, 0xb0, 0x00, 0x04, 0x00, 0x09, 0x00, 0x0d,
	0x00, 0x00, 0x41, 0x01, 0x23, 0x01, 0x33, 0x01, 0x01, 0x27, 0x33, 0x01,
	0x03, 0x15, 0x21, 0x35, 0x02, 0xc4, 0xfe, 0x1e, 0xc5, 0x02, 0x2b, 0x7f,
	0x01, 0x91, 0xfe, 0x1d, 0x03, 0x7f, 0x02, 0x2d, 0xdf, 0xfc, 0xce, 0x05,
	0x2f, 0xfa, 0xd1, 0x05, 0xb0, 0xfa, 0x50, 0x05, 0x2f, 0x81, 0xfa, 0x50,
	0x02, 0x1b, 0x9e, 0x9e, 0x00, 0x02, 0x00, 0xa9, 0x00, 0x00, 0x04, 0x88,
	0x05, 0xb0, 0x00, 0x19, 0x00, 0x30, 0x00, 0x00, 0x41, 0x21, 0x27, 0x21,
	0x32, 0x36, 0x36, 0x35, 0x34, 0x26, 0x26, 0x23, 0x21, 0x11, 0x23, 0x11,
	0x21, 0x32, 0x1e, 0x02, 0x15, 0x14, 0x06, 0x06, 0x07, 0x03, 0x21, 0x37,
	0x21, 0x32, 0x36, 0x36, 0x35, 0x34, 0x26, 0x26, 0x23, 0x21, 0x37, 0x21,
	0x17, 0x1e, 0x02, 0x15, 0x14, 0x06, 0x06, 0x02, 0xb0, 0xfe, 0x8f, 0x02,
	0x01, 0x4f, 0x53, 0x7c, 0x45, 0x3d, 0x7d, 0x60, 0xfe, 0xe4, 0xc1, 0x01,
	0xdd, 0x70, 0xb0, 0x7b, 0x40, 0x5c, 0xa3, 0x6d, 0x4e, 0xfe, 0x4c, 0x6d,
	0x01, 0x47, 0x5c, 0x81, 0x44, 0x3a, 0x7c, 0x62, 0xfe, 0xed, 0x02, 0x01,
	0x78, 0x29, 0x69, 0x92, 0x4d, 0x77, 0xd8, 0x02, 0xa9, 0x9b, 0x38, 0x69,
	0x49, 0x50, 0x65, 0x2f, 0xfa, 0xee, 0x05, 0xb0, 0x2d, 0x5f, 0x92, 0x66,
	0x5a, 0x91, 0x5c, 0x0d, 0xfd, 0x28, 0x9d, 0x40, 0x75, 0x50, 0x51, 0x76,
	0x40, 0x9b, 0x38, 0x09, 0x65, 0x9c, 0x5e, 0x88, 0xbb, 0x61, 0x00, 0x01,
	0x00, 0x78, 0xff, 0xec, 0x04, 0xd8, 0x05, 0xc4, 0x00, 0x27, 0x00, 0x00,
	0x41, 0x33, 0x0e, 0x02, 0x23, 0x22, 0x2e, 0x02, 0x35, 0x35, 0x34, 0x3e,
	0x02, 0x33, 0x32, 0x16, 0x16, 0x17, 0x23, 0x2e, 0x02, 0x23, 0x22, 0x0e,
	0x02, 0x15, 0x15, 0x14, 0x1e, 0x02, 0x33, 0x32, 0x36, 0x36, 0x04, 0x18,
	0xc0, 0x0f, 0x80, 0xea, 0xaf, 0x80, 0xd1, 0x96, 0x51, 0x51, 0x99, 0xd8,
	0x87, 0xa5, 0xe4, 0x7f, 0x0f, 0xc0, 0x0e, 0x4c, 0x8c, 0x71, 0x61, 0x93,
	0x63, 0x32, 0x2d, 0x5c, 0x8e, 0x61, 0x7b, 0x92, 0x4b, 0x01, 0xcf, 0x8a,
	0xda, 0x7f, 0x60, 0xb1, 0xf9, 0x99, 0x91, 0x99, 0xf9, 0xb2, 0x60, 0x7c,
	0xdb, 0x90, 0x66, 0x93, 0x50, 0x4a, 0x88, 0xbe, 0x74, 0x93, 0x6b, 0xbc,
	0x8e, 0x51, 0x4e, 0x92, 0x00, 0x02, 0x00, 0xa9, 0x00, 0x00, 0x04, 0xc7,
	0x05, 0xb0, 0x00, 0x1a, 0x00, 0x1e, 0x00, 0x00, 0x61, 0x21, 0x37, 0x21,
	0x32, 0x36, 0x36, 0x35, 0x35, 0x34, 0x2e, 0x02, 0x23, 0x21, 0x35, 0x21,
	0x32, 0x1e, 0x02, 0x15, 0x15, 0x14, 0x0e, 0x02, 0x01, 0x11, 0x23, 0x11,
	0x02, 0x33, 0xfe, 0xd0, 0x02, 0x01, 0x2e, 0x9c, 0xd0, 0x69, 0x3c, 0x74,
	0xa7, 0x6c, 0xfe, 0xb8, 0x01, 0x48, 0x8f, 0xec, 0xab, 0x5c, 0x5c, 0xad,
	0xf3, 0xfe, 0x9f, 0xc1, 0x9d, 0x83, 0xed, 0x9f, 0x59, 0x7d, 0xc3, 0x87,
	0x46, 0x9e, 0x5f, 0xb3, 0xfd, 0x9e, 0x57, 0x9e, 0xfd, 0xb2, 0x5f, 0x05,
	0xb0, 0xfa, 0x50, 0x05, 0xb0, 0x00, 0x00, 0x04, 0x00, 0xa9, 0x00, 0x00,
	0x04, 0x46, 0x05, 0xb0, 0x00, 0x03, 0x00, 0x07, 0x00, 0x0b, 0x00, 0x0f,
	0x00, 0x00, 0x65, 0x15, 0x21, 0x35, 0x13, 0x11, 0x23, 0x11, 0x01, 0x15,
	0x21, 0x35, 0x01, 0x15, 0x21, 0x35, 0x04, 0x46, 0xfc, 0xfd, 0x27, 0xc1,
	0x03, 0x37, 0xfd, 0x63, 0x02, 0xf9, 0xfd, 0x07, 0x9d, 0x9d, 0x9d, 0x05,
	0x13, 0xfa, 0x50, 0x05, 0xb0, 0xfd, 0x8e, 0x9d, 0x9d, 0x02, 0x72, 0x9e,
	0x9e, 0x00, 0x00, 0x03, 0x00, 0xa9, 0x00, 0x00, 0x04, 0x2f, 0x05, 0xb0,
	0x00, 0x03, 0x00, 0x07, 0x00, 0x0b, 0x00, 0x00, 0x41, 0x11, 0x23, 0x11,
	0x01, 0x15, 0x21, 0x35, 0x01, 0x15, 0x21, 0x35, 0x01, 0x6a, 0xc1, 0x03,
	0x23, 0xfd, 0x74, 0x02, 0xef, 0xfd, 0x11, 0x05, 0xb0, 0xfa, 0x50, 0x05,
	0xb0, 0xfd, 0x71, 0x9e, 0x9e, 0x02, 0x8f, 0x9e, 0x9e, 0x00, 0x00, 0x01,
	0x00, 0x7a, 0xff, 0xec, 0x04, 0xdd, 0x05, 0xc4, 0x00, 0x2b, 0x00, 0x00,
	0x41, 0x11, 0x0e, 0x02, 0x23, 0x22, 0x26, 0x26, 0x02, 0x35, 0x35, 0x34,
	0x12, 0x36, 0x36, 0x33, 0x32, 0x16, 0x16, 0x17, 0x23, 0x2e, 0x02, 0x23,
	0x22, 0x0e, 0x02, 0x15, 0x15, 0x14, 0x1e, 0x02, 0x33, 0x32, 0x36, 0x36,
	0x37, 0x11, 0x21, 0x35, 0x04, 0xdd, 0x1b, 0x76, 0xcf, 0xa3, 0x85, 0xdf,
	0xa3, 0x59, 0x4d, 0x96, 0xda, 0x8d, 0xa7, 0xe1, 0x7f, 0x12, 0xc1, 0x0d,
	0x4d, 0x8e, 0x70, 0x65, 0x94, 0x60, 0x2f, 0x3b, 0x6e, 0x99, 0x5d, 0x67,
	0x80, 0x48, 0x13, 0xfe, 0xaf, 0x02, 0xd5, 0xfd, 0xeb, 0x28, 0x63, 0x49,
	0x5d, 0xb3, 0x01, 0x01, 0xa3, 0x71, 0xa3, 0x01, 0x00, 0xb3, 0x5d, 0x73,
	0xca, 0x81, 0x4f, 0x82, 0x4f, 0x4a, 0x8a, 0xc4, 0x7b, 0x73, 0x7e, 0xc6,
	0x8b, 0x48, 0x23, 0x31, 0x16, 0x01, 0x46, 0x9c, 0x00, 0x03, 0x00, 0xa9,
	0x00, 0x00, 0x05, 0x08, 0x05, 0xb0, 0x00, 0x03, 0x00, 0x07, 0x00, 0x0b,
	0x00, 0x00, 0x41, 0x15, 0x21, 0x35, 0x13, 0x11, 0x23, 0x11, 0x21, 0x11,
	0x23, 0x11, 0x04, 0x60, 0xfc, 0xec, 0x1e, 0xc1, 0x04, 0x5f, 0xc0, 0x03,
	0x3e, 0x9d, 0x9d, 0x02, 0x72, 0xfa, 0x50, 0x05, 0xb0, 0xfa, 0x50, 0x05,
	0xb0, 0x00, 0x00, 0x01, 0x00, 0xb7, 0x00, 0x00, 0x01, 0x78, 0x05, 0xb0,
	0x00, 0x03, 0x00, 0x00, 0x41, 0x11, 0x23, 0x11, 0x01, 0x78, 0xc1, 0x05,
	0xb0, 0xfa, 0x50, 0x05, 0xb0, 0x00, 0x00, 0x01, 0x00, 0x35, 0xff, 0xec,
	0x03, 0xcc, 0x05, 0xb0, 0x00, 0x13, 0x00, 0x00, 0x41, 0x11, 0x33, 0x11,
	0x14, 0x06, 0x06, 0x23, 0x22, 0x26, 0x26, 0x35, 0x33, 0x14, 0x16, 0x16,
	0x33, 0x32, 0x36, 0x36, 0x03, 0x0c, 0xc0, 0x76, 0xcf, 0x86, 0x86, 0xd0,
	0x76, 0xc1, 0x44, 0x79, 0x4e, 0x4c, 0x79, 0x46, 0x01, 0xa9, 0x04, 0x07,
	0xfb, 0xf9, 0x90, 0xc6, 0x67, 0x5c, 0xbc, 0x8f, 0x5c, 0x76, 0x38, 0x41,
	0x81, 0x00, 0x00, 0x03, 0x00, 0xa9, 0x00, 0x00, 0x05, 0x05, 0x05, 0xb0,
	0x00, 0x03, 0x00, 0x09, 0x00, 0x0d, 0x00, 0x00, 0x41, 0x11, 0x23, 0x11,
	0x21, 0x01, 0x01, 0x27, 0x01, 0x01, 0x13, 0x01, 0x37, 0x01, 0x01, 0x6a,
	0xc1, 0x04, 0x30, 0xfd, 0xa3, 0xfe, 0xac, 0x20, 0x01, 0x00, 0x01, 0xe9,
	0x2e, 0xfd, 0xe5, 0x73, 0x02, 0x8e, 0x05, 0xb0, 0xfa, 0x50, 0x05, 0xb0,
	0xfd, 0x59, 0xfe, 0x9f, 0xce, 0x01, 0x1a, 0x02, 0x20, 0xfa, 0x50, 0x02,
	0xc6, 0x99, 0xfc, 0xa1, 0x00, 0x02, 0x00, 0xa9, 0x00, 0x00, 0x04, 0x1c,
	0x05, 0xb0, 0x00, 0x03, 0x00, 0x07, 0x00, 0x00, 0x65, 0x15, 0x21, 0x35,
	0x13, 0x11, 0x23, 0x11, 0x04, 0x1c, 0xfd, 0x28, 0x26, 0xc1, 0x9d, 0x9d,
	0x9d, 0x05, 0x13, 0xfa, 0x50, 0x05, 0xb0, 0x00, 0x00, 0x03, 0x00, 0xa9,
	0x00, 0x00, 0x06, 0x52, 0x05, 0xb0, 0x00, 0x06, 0x00, 0x0b, 0x00, 0x10,
	0x00, 0x00, 0x53, 0x33, 0x01, 0x01, 0x33, 0x01, 0x23, 0x01, 0x33, 0x13,
	0x11, 0x23, 0x01, 0x33, 0x11, 0x23, 0x11, 0xe6, 0xbb, 0x01, 0xdd, 0x01,
	0xdc, 0xbc, 0xfd, 0xb0, 0x92, 0xfd, 0x75, 0xa5, 0x1b, 0xc0, 0x05, 0x04,
	0xa5, 0xc0, 0x05, 0xb0, 0xfb, 0x5d, 0x04, 0xa3, 0xfa, 0x50, 0x05, 0xb0,
	0xfc, 0x88, 0xfd, 0xc8, 0x05, 0xb0, 0xfa, 0x50, 0x02, 0x38, 0x00, 0x01,
	0x00, 0xa9, 0x00, 0x00, 0x05, 0x09, 0x05, 0xb0, 0x00, 0x09, 0x00, 0x00,
	0x41, 0x11, 0x23, 0x01, 0x11, 0x23, 0x11, 0x33, 0x01, 0x11, 0x05, 0x09,
	0xc2, 0xfd, 0x23, 0xc1, 0xc1, 0x02, 0xe0, 0x05, 0xb0, 0xfa, 0x50, 0x04,
	0x63, 0xfb, 0x9d, 0x05, 0xb0, 0xfb, 0x9a, 0x04, 0x66, 0x00, 0x00, 0x02,
	0x00, 0x77, 0xff, 0xec, 0x05, 0x0a, 0x05, 0xc4, 0x00, 0x15, 0x00, 0x2b,
	0x00, 0x00, 0x41, 0x15, 0x14, 0x02, 0x06, 0x06, 0x23, 0x22, 0x26, 0x26,
	0x02, 0x35, 0x35, 0x34, 0x12, 0x36, 0x36, 0x33, 0x32, 0x16, 0x16, 0x12,
	0x03, 0x35, 0x34, 0x2e, 0x02, 0x23, 0x22, 0x0e, 0x02, 0x15, 0x15, 0x14,
	0x1e, 0x02, 0x33, 0x32, 0x3e, 0x02, 0x05, 0x0a, 0x52, 0x9a, 0xd7, 0x85,
	0x81, 0xd7, 0x9d, 0x56, 0x55, 0x9c, 0xd7, 0x81, 0x85, 0xd7, 0x9b, 0x53,
	0xbf, 0x35, 0x66, 0x93, 0x5d, 0x5a, 0x91, 0x67, 0x38, 0x38, 0x69, 0x91,
	0x5a, 0x5e, 0x92, 0x65, 0x34, 0x03, 0x06, 0x5c, 0xa4, 0xfe, 0xfc, 0xb6,
	0x60, 0x60, 0xb6, 0x01, 0x04, 0xa4, 0x5c, 0xa4, 0x01, 0x03, 0xb7, 0x60,
	0x60, 0xb7, 0xfe, 0xfd, 0xff, 0x00, 0x5e, 0x82, 0xc8, 0x88, 0x46, 0x46,
	0x88, 0xc8, 0x82, 0x5e, 0x83, 0xc9, 0x89, 0x46, 0x46, 0x89, 0xc9, 0x00,
	0x00, 0x01, 0x00, 0xa9, 0x00, 0x00, 0x04, 0xc1, 0x05, 0xb0, 0x00, 0x17,
	0x00, 0x00, 0x41, 0x21, 0x35, 0x21, 0x32, 0x36, 0x36, 0x35, 0x34, 0x26,
	0x26, 0x23, 0x21, 0x11, 0x23, 0x11, 0x21, 0x32, 0x16, 0x16, 0x15, 0x14,
	0x06, 0x06, 0x02, 0xc2, 0xfe, 0x7b, 0x01, 0x85, 0x71, 0x8c, 0x41, 0x41,
	0x8c, 0x71, 0xfe, 0xa8, 0xc1, 0x02, 0x19, 0xa5, 0xe4, 0x76, 0x76, 0xe4,
	0x02, 0x3b, 0x9d, 0x48, 0x80, 0x52, 0x4b, 0x84, 0x51, 0xfa, 0xee, 0x05,
	0xb0, 0x72, 0xc9, 0x81, 0x8c, 0xc6, 0x67, 0x00, 0x00, 0x03, 0x00, 0x6e,
	0xff, 0x0a, 0x05, 0x06, 0x05, 0xc4, 0x00, 0x03, 0x00, 0x19, 0x00, 0x2f,
	0x00, 0x00, 0x65, 0x01, 0x07, 0x01, 0x01, 0x15, 0x14, 0x02, 0x06, 0x06,
	0x23, 0x22, 0x26, 0x26, 0x02, 0x35, 0x35, 0x34, 0x12, 0x36, 0x36, 0x33,
	0x32, 0x16, 0x16, 0x12, 0x03, 0x35, 0x34, 0x2e, 0x02, 0x23, 0x22, 0x0e,
	0x02, 0x15, 0x15, 0x14, 0x1e, 0x02, 0x33, 0x32, 0x3e, 0x02, 0x03, 0x94,
	0x01, 0x72, 0x82, 0xfe, 0x94, 0x01, 0xe9, 0x52, 0x9a, 0xd7, 0x85, 0x81,
	0xd7, 0x9d, 0x56, 0x55, 0x9c, 0xd7, 0x81, 0x85, 0xd8, 0x9a, 0x53, 0xbf,
	0x35, 0x66, 0x92, 0x5e, 0x59, 0x91, 0x68, 0x38, 0x38, 0x69, 0x92, 0x59,
	0x5e, 0x92, 0x65, 0x34, 0xa7, 0xfe, 0xdb, 0x78, 0x01, 0x21, 0x02, 0xdb,
	0x5c, 0xa4, 0xfe, 0xfc, 0xb6, 0x60, 0x60, 0xb6, 0x01, 0x04, 0xa4, 0x5c,
	0xa4, 0x01, 0x03, 0xb7, 0x60, 0x60, 0xb7, 0xfe, 0xfd, 0xff, 0x00, 0x5e,
	0x82, 0xc8, 0x88, 0x46, 0x46, 0x88, 0xc8, 0x82, 0x5e, 0x83, 0xc9, 0x89,
	0x46, 0x46, 0x89, 0xc9, 0x00, 0x02, 0x00, 0xa9, 0x00, 0x00, 0x04, 0xca,
	0x05, 0xb0, 0x00, 0x18, 0x00, 0x1d, 0x00, 0x00, 0x53, 0x21, 0x32, 0x16,
	0x16, 0x15, 0x14, 0x06, 0x06, 0x07, 0x07, 0x21, 0x27, 0x21, 0x32, 0x36,
	0x36, 0x35, 0x34, 0x26, 0x26, 0x23, 0x21, 0x11, 0x23, 0x21, 0x01, 0x37,
	0x01, 0x15, 0xa9, 0x01, 0xe2, 0xa4, 0xe3, 0x77, 0x51, 0x97, 0x69, 0x36,
	0xfe, 0x3b, 0x02, 0x01, 0x56, 0x68, 0x8a, 0x46, 0x42, 0x8d, 0x6f, 0xfe,
	0xdf, 0xc1, 0x03, 0x53, 0xfe, 0x9e, 0xc9, 0x01, 0x67, 0x05, 0xb0, 0x64,
	0xc3, 0x8e, 0x64, 0xa5, 0x73, 0x1c, 0x15, 0x9d, 0x49, 0x7c, 0x4b, 0x54,
	0x7e, 0x45, 0xfa, 0xee, 0x02, 0x94, 0x01, 0xfd, 0x77, 0x0c, 0x00, 0x01,
	0x00, 0x51, 0xff, 0xec, 0x04, 0x73, 0x05, 0xc4, 0x00, 0x39, 0x00, 0x00,
	0x41, 0x34, 0x2e, 0x02, 0x27, 0x2e, 0x03, 0x35, 0x34, 0x3e, 0x02, 0x33,
	0x32, 0x16, 0x16, 0x15, 0x23, 0x34, 0x26, 0x26, 0x23, 0x22, 0x06, 0x06,
	0x15, 0x14, 0x1e, 0x02, 0x17, 0x1e, 0x03, 0x15, 0x14, 0x0e, 0x02, 0x23,
	0x22, 0x2e, 0x02, 0x35, 0x33, 0x14, 0x1e, 0x02, 0x33, 0x32, 0x36, 0x36,
	0x03, 0xb1, 0x1f, 0x4d, 0x87, 0x67, 0x6c, 0xae, 0x7c, 0x42, 0x46, 0x83,
	0xb6, 0x70, 0xa4, 0xe5, 0x78, 0xc0, 0x46, 0x8e, 0x6d, 0x67, 0x86, 0x41,
	0x27, 0x53, 0x81, 0x5a, 0x7c, 0xb4, 0x75, 0x39, 0x48, 0x86, 0xbb, 0x73,
	0x65, 0xc3, 0x9f, 0x5f, 0xc0, 0x3a, 0x65, 0x81, 0x46, 0x65, 0x8c, 0x49,
	0x01, 0x70, 0x33, 0x4f, 0x40, 0x3a, 0x1e, 0x20, 0x4f, 0x66, 0x84, 0x55,
	0x55, 0x90, 0x6b, 0x3c, 0x7d, 0xc9, 0x72, 0x52, 0x7f, 0x49, 0x3e, 0x6a,
	0x44, 0x2e, 0x4b, 0x40, 0x36, 0x19, 0x23, 0x56, 0x6b, 0x87, 0x55, 0x59,
	0x90, 0x66, 0x37, 0x38, 0x70, 0xa5, 0x6d, 0x4b, 0x6b, 0x46, 0x21, 0x38,
	0x68, 0x00, 0x00, 0x02, 0x00, 0x32, 0x00, 0x00, 0x04, 0x97, 0x05, 0xb0,
	0x00, 0x03, 0x00, 0x07, 0x00, 0x00, 0x41, 0x11, 0x23, 0x11, 0x21, 0x15,
	0x21, 0x35, 0x02, 0xc3, 0xbe, 0x02, 0x92, 0xfb, 0x9b, 0x05, 0xb0, 0xfa,
	0x50, 0x05, 0xb0, 0x9e, 0x9e, 0x00, 0x00, 0x01, 0x00, 0x8c, 0xff, 0xec,
	0x04, 0xaa, 0x05, 0xb0, 0x00, 0x15, 0x00, 0x00, 0x41, 0x33, 0x11, 0x14,
	0x06, 0x06, 0x23, 0x22, 0x26, 0x26, 0x35, 0x11, 0x33, 0x11, 0x14, 0x16,
	0x16, 0x33, 0x32, 0x36, 0x36, 0x35, 0x03, 0xea, 0xc0, 0x92, 0xf1, 0x8d,
	0x94, 0xef, 0x8b, 0xbf, 0x54, 0x97, 0x64, 0x65, 0x97, 0x54, 0x05, 0xb0,
	0xfc, 0x27, 0xa4, 0xda, 0x6d, 0x6d, 0xda, 0xa4, 0x03, 0xd9, 0xfc, 0x27,
	0x72, 0x94, 0x48, 0x48, 0x94, 0x72, 0x00, 0x02, 0x00, 0x1d, 0x00, 0x00,
	0x04, 0xfd, 0x05, 0xb0, 0x00, 0x04, 0x00, 0x09, 0x00, 0x00, 0x65, 0x01,
	0x33, 0x01, 0x23, 0x01, 0x01, 0x17, 0x23, 0x01, 0x02, 0x7f, 0x01, 0xad,
	0xd1, 0xfd, 0xe5, 0x95, 0xfe, 0xa1, 0x01, 0xa9, 0x35, 0x95, 0xfd, 0xe6,
	0xdd, 0x04, 0xd3, 0xfa, 0x50, 0x05, 0xb0, 0xfb, 0x2d, 0xdd, 0x05, 0xb0,
	0x00, 0x04, 0x00, 0x3d, 0x00, 0x00, 0x06, 0xed, 0x05, 0xb0, 0x00, 0x05,
	0x00, 0x0a, 0x00, 0x0f, 0x00, 0x15, 0x00, 0x00, 0x41, 0x01, 0x33, 0x03,
	0x01, 0x23, 0x03, 0x13, 0x13, 0x23, 0x01, 0x01, 0x13, 0x33, 0x01, 0x23,
	0x01, 0x01, 0x13, 0x23, 0x01, 0x03, 0x02, 0x28, 0x01, 0x21, 0x8c, 0x51,
	0xfe, 0xc9, 0x8b, 0xc5, 0xe6, 0x45, 0x8a, 0xfe, 0x9f, 0x05, 0x0e, 0xe1,
	0xc1, 0xfe, 0xa0, 0x8a, 0xfe, 0xe7, 0x01, 0x19, 0x66, 0x8b, 0xfe, 0xd4,
	0x52, 0x01, 0xb8, 0x03, 0xf8, 0xfe, 0x75, 0xfb, 0xdb, 0x05, 0xb0, 0xfc,
	0x1c, 0xfe, 0x34, 0x05, 0xb0, 0xfc, 0x1d, 0x03, 0xe3, 0xfa, 0x50, 0x05,
	0xb0, 0xfc, 0x08, 0xfe, 0x48, 0x04, 0x25, 0x01, 0x8b, 0x00, 0x00, 0x01,
	0x00, 0x3a, 0x00, 0x00, 0x04, 0xce, 0x05, 0xb0, 0x00, 0x0b, 0x00, 0x00,
	0x49, 0x02, 0x33, 0x01, 0x01, 0x23, 0x01, 0x01, 0x23, 0x01, 0x01, 0x01,
	0x26, 0x01, 0x5e, 0x01, 0x5e, 0xe1, 0xfe, 0x34, 0x01, 0xd7, 0xe3, 0xfe,
	0x99, 0xfe, 0x99, 0xe3, 0x01, 0xd7, 0xfe, 0x34, 0x05, 0xb0, 0xfd, 0xd2,
	0x02, 0x2e, 0xfd, 0x2f, 0xfd, 0x21, 0x02, 0x39, 0xfd, 0xc7, 0x02, 0xdf,
	0x02, 0xd1, 0x00, 0x01, 0x00, 0x0f, 0x00, 0x00, 0x04, 0xbc, 0x05, 0xb0,
	0x00, 0x08, 0x00, 0x00, 0x53, 0x01, 0x01, 0x33, 0x01, 0x11, 0x23, 0x11,
	0x01, 0xec, 0x01, 0x7a, 0x01, 0x7b, 0xdb, 0xfe, 0x0a, 0xc1, 0xfe, 0x0a,
	0x05, 0xb0, 0xfd, 0x25, 0x02, 0xdb, 0xfc, 0x70, 0xfd, 0xe0, 0x02, 0x20,
	0x03, 0x90, 0x00, 0x03, 0x00, 0x57, 0x00, 0x00, 0x04, 0x7a, 0x05, 0xb0,
	0x00, 0x03, 0x00, 0x09, 0x00, 0x0d, 0x00, 0x00, 0x65, 0x15, 0x21, 0x35,
	0x01, 0x01, 0x23, 0x35, 0x01, 0x33, 0x23, 0x15, 0x21, 0x35, 0x04, 0x7a,
	0xfc, 0x26, 0x03, 0xba, 0xfc, 0x74, 0x77, 0x03, 0x8b, 0x78, 0x52, 0xfc,
	0x5c, 0x9d, 0x9d, 0x9d, 0x04, 0x87, 0xfa, 0xdc, 0x90, 0x05, 0x20, 0x9e,
	0x9e, 0x00, 0x00, 0x01, 0x00, 0x93, 0xfe, 0xc8, 0x02, 0x0b, 0x06, 0x80,
	0x00, 0x07, 0x00, 0x00, 0x41, 0x15, 0x23, 0x11, 0x33, 0x15, 0x21, 0x11,
	0x02, 0x0b, 0xbf, 0xbf, 0xfe, 0x88, 0x06, 0x80, 0x98, 0xf9, 0x78, 0x98,
	0x07, 0xb8, 0x00, 0x01, 0x00, 0x29, 0xff, 0x83, 0x03, 0x39, 0x05, 0xb0,
	0x00, 0x03, 0x00, 0x00, 0x45, 0x01, 0x33, 0x01, 0x02, 0x89, 0xfd, 0xa0,
	0xb0, 0x02, 0x60, 0x7d, 0x06, 0x2d, 0xf9, 0xd3, 0x00, 0x01, 0x00, 0x0a,
	0xfe, 0xc8, 0x01, 0x84, 0x06, 0x80, 0x00, 0x07, 0x00, 0x00, 0x53, 0x35,
	0x21, 0x11, 0x21, 0x35, 0x33, 0x11, 0x0a, 0x01, 0x7a, 0xfe, 0x86, 0xc0,
	0x05, 0xe8, 0x98, 0xf8, 0x48, 0x98, 0x06, 0x88, 0x00, 0x02, 0x00, 0x40,
	0x02, 0xd9, 0x03, 0x15, 0x05, 0xb0, 0x00, 0x04, 0x00, 0x09, 0x00, 0x00,
	0x41, 0x03, 0x23, 0x01, 0x33, 0x13, 0x03, 0x27, 0x33, 0x01, 0x01, 0xb7,
	0xcb, 0xac, 0x01, 0x2b, 0x70, 0x8e, 0xca, 0x25, 0x71, 0x01, 0x2a, 0x04,
	0xda, 0xfd, 0xff, 0x02, 0xd7, 0xfd, 0x29, 0x02, 0x01, 0xd6, 0xfd, 0x29,
	0x00, 0x01, 0x00, 0x04, 0xff, 0x68, 0x03, 0x99, 0x00, 0x00, 0x00, 0x03,
	0x00, 0x00, 0x61, 0x15, 0x21, 0x35, 0x03, 0x99, 0xfc, 0x6b, 0x98, 0x98,
	0x00, 0x01, 0x00, 0x39, 0x04, 0xda, 0x01, 0xda, 0x06, 0x00, 0x00, 0x03,
	0x00, 0x00, 0x41, 0x13, 0x23, 0x01, 0x01, 0x19, 0xc1, 0x9f, 0xfe, 0xfe,
	0x06, 0x00, 0xfe, 0xda, 0x01, 0x26, 0x00, 0x02, 0x00, 0x6d, 0xff, 0xec,
	0x03, 0xea, 0x04, 0x4e, 0x00, 0x1b, 0x00, 0x3a, 0x00, 0x00, 0x65, 0x11,
	0x34, 0x26, 0x26, 0x23, 0x22, 0x06, 0x06, 0x15, 0x23, 0x34, 0x3e, 0x02,
	0x33, 0x32, 0x16, 0x16, 0x15, 0x11, 0x14, 0x16, 0x17, 0x15, 0x23, 0x26,
	0x26, 0x13, 0x17, 0x23, 0x22, 0x0e, 0x02, 0x15, 0x14, 0x16, 0x16, 0x33,
	0x32, 0x36, 0x36, 0x37, 0x17, 0x0e, 0x03, 0x23, 0x22, 0x26, 0x26, 0x35,
	0x34, 0x3e, 0x02, 0x33, 0x03, 0x0b, 0x33, 0x66, 0x4b, 0x46, 0x69, 0x3b,
	0xb9, 0x3c, 0x71, 0x9f, 0x62, 0x76, 0xb5, 0x67, 0x13, 0x13, 0xc1, 0x0e,
	0x10, 0x20, 0x02, 0xbb, 0x4f, 0x7c, 0x54, 0x2c, 0x2e, 0x5d, 0x44, 0x55,
	0x82, 0x4d, 0x03, 0x4f, 0x07, 0x3e, 0x67, 0x8d, 0x58, 0x6e, 0xa5, 0x5b,
	0x44, 0x80, 0xb4, 0x6f, 0xb9, 0x02, 0x2d, 0x40, 0x5f, 0x34, 0x30, 0x4e,
	0x2d, 0x3a, 0x72, 0x5d, 0x37, 0x50, 0xa1, 0x79, 0xfe, 0x08, 0x36, 0x7a,
	0x2c, 0x10, 0x20, 0x6b, 0x02, 0x05, 0x82, 0x19, 0x32, 0x4b, 0x32, 0x33,
	0x54, 0x31, 0x48, 0x68, 0x31, 0x59, 0x2a, 0x66, 0x5d, 0x3d, 0x56, 0x91,
	0x5a, 0x57, 0x85, 0x59, 0x2e, 0x00, 0x00, 0x03, 0x00, 0x8c, 0xff, 0xec,
	0x04, 0x21, 0x06, 0x00, 0x00, 0x04, 0x00, 0x1a, 0x00, 0x2f, 0x00, 0x00,
	0x53, 0x33, 0x11, 0x07, 0x23, 0x01, 0x15, 0x14, 0x0e, 0x02, 0x23, 0x22,
	0x2e, 0x02, 0x27, 0x35, 0x3e, 0x03, 0x33, 0x32, 0x1e, 0x02, 0x07, 0x35,
	0x34, 0x2e, 0x02, 0x23, 0x22, 0x0e, 0x02, 0x07, 0x15, 0x1e, 0x02, 0x33,
	0x32, 0x3e, 0x02, 0x8c, 0xba, 0x10, 0xaa, 0x03, 0x95, 0x38, 0x6c, 0x9c,
	0x65, 0x67, 0x9b, 0x6a, 0x3f, 0x0c, 0x0c, 0x3f, 0x6a, 0x9a, 0x66, 0x66,
	0x9e, 0x6b, 0x38, 0xba, 0x1e, 0x42, 0x6c, 0x4f, 0x46, 0x67, 0x48, 0x2d,
	0x0b, 0x10, 0x49, 0x7b, 0x5b, 0x4b, 0x6b, 0x43, 0x20, 0x06, 0x00, 0xfa,
	0xd2, 0xd2, 0x02, 0x26, 0x15, 0x76, 0xc9, 0x94, 0x52, 0x47, 0x86, 0xbe,
	0x77, 0x5c, 0x78, 0xbe, 0x87, 0x47, 0x4f, 0x92, 0xcb, 0x91, 0x15, 0x51,
	0x8f, 0x6d, 0x3f, 0x30, 0x51, 0x67, 0x37, 0xf1, 0x46, 0x81, 0x52, 0x3d,
	0x6c, 0x8e, 0x00, 0x01, 0x00, 0x5d, 0xff, 0xec, 0x03, 0xed, 0x04, 0x4e,
	0x00, 0x27, 0x00, 0x00, 0x65, 0x32, 0x36, 0x36, 0x37, 0x33, 0x0e, 0x02,
	0x23, 0x22, 0x2e, 0x02, 0x35, 0x35, 0x34, 0x3e, 0x02, 0x33, 0x32, 0x16,
	0x16, 0x17, 0x23, 0x2e, 0x02, 0x23, 0x22, 0x0e, 0x02, 0x15, 0x15, 0x14,
	0x1e, 0x02, 0x02, 0x3e, 0x42, 0x70, 0x48, 0x05, 0xb0, 0x05, 0x77, 0xc0,
	0x73, 0x7a, 0xb5, 0x77, 0x3b, 0x3b, 0x77, 0xb5, 0x7a, 0x7f, 0xbe, 0x6d,
	0x05, 0xb0, 0x05, 0x41, 0x6f, 0x4a, 0x55, 0x73, 0x43, 0x1d, 0x1c, 0x43,
	0x73, 0x84, 0x36, 0x5f, 0x3d, 0x60, 0xa5, 0x65, 0x56, 0x96, 0xc3, 0x6d,
	0x2a, 0x6d, 0xc3, 0x96, 0x56, 0x67, 0xb1, 0x70, 0x43, 0x6c, 0x41, 0x43,
	0x71, 0x89, 0x47, 0x2a, 0x47, 0x8a, 0x70, 0x43, 0x00, 0x03, 0x00, 0x5f,
	0xff, 0xec, 0x03, 0xf1, 0x06, 0x00, 0x00, 0x04, 0x00, 0x1a, 0x00, 0x2f,
	0x00, 0x00, 0x65, 0x11, 0x33, 0x11, 0x23, 0x01, 0x35, 0x34, 0x3e, 0x02,
	0x33, 0x32, 0x1e, 0x02, 0x17, 0x15, 0x0e, 0x03, 0x23, 0x22, 0x2e, 0x02,
	0x37, 0x15, 0x14, 0x1e, 0x02, 0x33, 0x32, 0x36, 0x36, 0x37, 0x35, 0x2e,
	0x03, 0x23, 0x22, 0x0e, 0x02, 0x03, 0x37, 0xba, 0xaa, 0xfd, 0x18, 0x3d,
	0x71, 0x9d, 0x61, 0x66, 0x99, 0x6b, 0x3e, 0x0c, 0x0b, 0x3f, 0x6b, 0x9a,
	0x67, 0x5f, 0x9d, 0x71, 0x3d, 0xba, 0x21, 0x46, 0x6c, 0x4b, 0x5c, 0x77,
	0x48, 0x14, 0x0c, 0x2d, 0x47, 0x67, 0x46, 0x4c, 0x6d, 0x46, 0x21, 0xd2,
	0x05, 0x2e, 0xfa, 0x00, 0x02, 0x11, 0x15, 0x7c, 0xcb, 0x92, 0x4f, 0x47,
	0x87, 0xbe, 0x78, 0x5c, 0x77, 0xbe, 0x86, 0x47, 0x52, 0x94, 0xc9, 0x8b,
	0x15, 0x51, 0x8e, 0x6c, 0x3d, 0x4e, 0x80, 0x4b, 0xf1, 0x37, 0x67, 0x51,
	0x30, 0x3f, 0x6d, 0x8f, 0x00, 0x01, 0x00, 0x5d, 0xff, 0xec, 0x03, 0xf3,
	0x04, 0x4e, 0x00, 0x2b, 0x00, 0x00, 0x45, 0x22, 0x2e, 0x02, 0x35, 0x35,
	0x34, 0x3e, 0x02, 0x33, 0x32, 0x1e, 0x02, 0x15, 0x15, 0x21, 0x35, 0x21,
	0x35, 0x2e, 0x02, 0x23, 0x22, 0x0e, 0x02, 0x15, 0x15, 0x14, 0x1e, 0x02,
	0x33, 0x32, 0x36, 0x37, 0x17, 0x0e, 0x02, 0x02, 0x4e, 0x71, 0xb7, 0x83,
	0x46, 0x4e, 0x86, 0xaa, 0x5b, 0x74, 0xa9, 0x6c, 0x34, 0xfc, 0xd8, 0x02,
	0x6f, 0x04, 0x33, 0x6e, 0x5f, 0x3f, 0x6a, 0x4c, 0x2a, 0x2b, 0x53, 0x77,
	0x4c, 0x62, 0x88, 0x33, 0x70, 0x23, 0x6c, 0x9d, 0x14, 0x4d, 0x8c, 0xc0,
	0x72, 0x2a, 0x84, 0xcf, 0x90, 0x4a, 0x50, 0x8f, 0xc1, 0x72, 0x53, 0x97,
	0x0e, 0x48, 0x88, 0x58, 0x35, 0x68, 0x96, 0x62, 0x2a, 0x4d, 0x87, 0x66,
	0x3a, 0x50, 0x43, 0x59, 0x35, 0x60, 0x3c, 0x00, 0x00, 0x02, 0x00, 0x3d,
	0x00, 0x00, 0x02, 0xcb, 0x06, 0x15, 0x00, 0x11, 0x00, 0x15, 0x00, 0x00,
	0x61, 0x23, 0x11, 0x34, 0x36, 0x36, 0x33, 0x32, 0x16, 0x17, 0x07, 0x26,
	0x26, 0x23, 0x22, 0x06, 0x06, 0x15, 0x17, 0x15, 0x21, 0x35, 0x01, 0xa1,
	0xb9, 0x55, 0xa0, 0x6e, 0x20, 0x41, 0x1f, 0x0a, 0x15, 0x35, 0x1a, 0x3b,
	0x55, 0x2c, 0xe6, 0xfd, 0xb6, 0x04, 0xac, 0x75, 0xa1, 0x53, 0x08, 0x08,
	0x97, 0x05, 0x04, 0x2f, 0x5a, 0x42, 0x72, 0x8e, 0x8e, 0x00, 0x00, 0x03,
	0x00, 0x61, 0xfe, 0x55, 0x03, 0xf2, 0x04, 0x4e, 0x00, 0x13, 0x00, 0x29,
	0x00, 0x3e, 0x00, 0x00, 0x41, 0x33, 0x11, 0x14, 0x06, 0x06, 0x23, 0x22,
	0x26, 0x26, 0x27, 0x37, 0x16, 0x16, 0x33, 0x32, 0x36, 0x36, 0x35, 0x11,
	0x01, 0x35, 0x34, 0x3e, 0x02, 0x33, 0x32, 0x1e, 0x02, 0x17, 0x15, 0x0e,
	0x03, 0x23, 0x22, 0x2e, 0x02, 0x37, 0x15, 0x14, 0x1e, 0x02, 0x33, 0x32,
	0x36, 0x36, 0x37, 0x35, 0x2e, 0x03, 0x23, 0x22, 0x0e, 0x02, 0x03, 0x4a,
	0xa8, 0x74, 0xcf, 0x87, 0x38, 0x97, 0x91, 0x31, 0x61, 0x44, 0x95, 0x49,
	0x58, 0x80, 0x47, 0xfd, 0x28, 0x3b, 0x6f, 0x9e, 0x63, 0x66, 0x99, 0x6b,
	0x3e, 0x0c, 0x0b, 0x3f, 0x6b, 0x9a, 0x67, 0x61, 0x9d, 0x70, 0x3b, 0xb9,
	0x21, 0x45, 0x6c, 0x4b, 0x5c, 0x78, 0x47, 0x14, 0x0b, 0x2d, 0x47, 0x68,
	0x46, 0x4c, 0x6d, 0x45, 0x21, 0x04, 0x3a, 0xfb, 0xdd, 0x8f, 0xca, 0x69,
	0x23, 0x53, 0x46, 0x6e, 0x52, 0x40, 0x42, 0x81, 0x5e, 0x03, 0x3e, 0xfe,
	0xc5, 0x15, 0x7c, 0xcb, 0x92, 0x4f, 0x47, 0x87, 0xbe, 0x78, 0x5c, 0x77,
	0xbe, 0x86, 0x47, 0x52, 0x94, 0xc9, 0x8b, 0x15, 0x51, 0x8e, 0x6c, 0x3d,
	0x4e, 0x80, 0x4b, 0xf1, 0x37, 0x67, 0x51, 0x30, 0x3f, 0x6d, 0x8f, 0x00,
	0x00, 0x02, 0x00, 0x8d, 0x00, 0x00, 0x03, 0xe0, 0x06, 0x00, 0x00, 0x03,
	0x00, 0x1a, 0x00, 0x00, 0x41, 0x11, 0x23, 0x11, 0x13, 0x27, 0x3e, 0x03,
	0x33, 0x32, 0x1e, 0x02, 0x15, 0x11, 0x23, 0x11, 0x34, 0x26, 0x26, 0x23,
	0x22, 0x0e, 0x02, 0x01, 0x46, 0xb9, 0x8d, 0x4d, 0x01, 0x40, 0x74, 0xa1,
	0x62, 0x50, 0x80, 0x5b, 0x30, 0xba, 0x32, 0x60, 0x46, 0x45, 0x71, 0x51,
	0x2d, 0x06, 0x00, 0xfa, 0x00, 0x06, 0x00, 0xfc, 0x46, 0x03, 0x6f, 0xbd,
	0x8c, 0x4d, 0x2b, 0x5e, 0x95, 0x6b, 0xfd, 0x3b, 0x02, 0xc7, 0x55, 0x67,
	0x2f, 0x3a, 0x66, 0x83, 0x00, 0x02, 0x00, 0x8e, 0x00, 0x00, 0x01, 0x69,
	0x05, 0xc4, 0x00, 0x03, 0x00, 0x0f, 0x00, 0x00, 0x41, 0x11, 0x23, 0x11,
	0x03, 0x34, 0x36, 0x33, 0x32, 0x16, 0x15, 0x14, 0x06, 0x23, 0x22, 0x26,
	0x01, 0x56, 0xba, 0x0e, 0x37, 0x36, 0x35, 0x39, 0x39, 0x35, 0x36, 0x37,
	0x04, 0x3a, 0xfb, 0xc6, 0x04, 0x3a, 0x01, 0x1f, 0x2d, 0x3e, 0x3e, 0x2d,
	0x2b, 0x3d, 0x3d, 0x00, 0x00, 0x02, 0xff, 0xbe, 0xfe, 0x4b, 0x01, 0x5a,
	0x05, 0xc4, 0x00, 0x11, 0x00, 0x1d, 0x00, 0x00, 0x53, 0x33, 0x11, 0x14,
	0x06, 0x06, 0x23, 0x22, 0x26, 0x27, 0x37, 0x16, 0x16, 0x33, 0x32, 0x36,
	0x36, 0x35, 0x03, 0x34, 0x36, 0x33, 0x32, 0x16, 0x15, 0x14, 0x06, 0x23,
	0x22, 0x26, 0x92, 0xba, 0x3f, 0x7d, 0x5f, 0x19, 0x43, 0x17, 0x01, 0x13,
	0x30, 0x12, 0x29, 0x38, 0x1d, 0x13, 0x38, 0x35, 0x36, 0x38, 0x38, 0x36,
	0x35, 0x38, 0x04, 0x3a, 0xfb, 0x45, 0x63, 0x8a, 0x47, 0x0a, 0x07, 0x95,
	0x04, 0x05, 0x1e, 0x42, 0x37, 0x05, 0xda, 0x2d, 0x3e, 0x3e, 0x2d, 0x2b,
	0x3d, 0x3d, 0x00, 0x03, 0x00, 0x8d, 0x00, 0x00, 0x04, 0x0d, 0x06, 0x00,
	0x00, 0x03, 0x00, 0x09, 0x00, 0x0d, 0x00, 0x00, 0x41, 0x11, 0x23, 0x11,
	0x09, 0x02, 0x27, 0x37, 0x01, 0x13, 0x01, 0x37, 0x01, 0x01, 0x47, 0xba,
	0x03, 0x4f, 0xfe, 0x28, 0xfe, 0xf8, 0x0f, 0xbd, 0x01, 0x50, 0x39, 0xfe,
	0x7e, 0x60, 0x01, 0xfc, 0x06, 0x00, 0xfa, 0x00, 0x06, 0x00, 0xfe, 0x3a,
	0xfe, 0x07, 0xfe, 0xee, 0xc5, 0xe2, 0x01, 0x64, 0xfb, 0xc6, 0x02, 0x04,
	0xa5, 0xfd, 0x57, 0x00, 0x00, 0x01, 0x00, 0x9c, 0x00, 0x00, 0x01, 0x56,
	0x06, 0x00, 0x00, 0x03, 0x00, 0x00, 0x41, 0x11, 0x23, 0x11, 0x01, 0x56,
	0xba, 0x06, 0x00, 0xfa, 0x00, 0x06, 0x00, 0x00, 0x00, 0x03, 0x00, 0x8b,
	0x00, 0x00, 0x06, 0x79, 0x04, 0x4e, 0x00, 0x04, 0x00, 0x1b, 0x00, 0x32,
	0x00, 0x00, 0x41, 0x11, 0x23, 0x11, 0x33, 0x03, 0x27, 0x3e, 0x03, 0x33,
	0x32, 0x1e, 0x02, 0x15, 0x11, 0x23, 0x11, 0x34, 0x26, 0x26, 0x23, 0x22,
	0x0e, 0x02, 0x25, 0x07, 0x3e, 0x03, 0x33, 0x32, 0x1e, 0x02, 0x15, 0x11,
	0x23, 0x11, 0x34, 0x26, 0x26, 0x23, 0x22, 0x0e, 0x02, 0x01, 0x45, 0xba,
	0xb0, 0x1c, 0x56, 0x01, 0x38, 0x6e, 0xa4, 0x6c, 0x4c, 0x80, 0x5e, 0x34,
	0xb9, 0x39, 0x68, 0x46, 0x52, 0x6e, 0x42, 0x1d, 0x02, 0xbd, 0x7c, 0x01,
	0x39, 0x6d, 0xa0, 0x67, 0x57, 0x87, 0x5d, 0x30, 0xba, 0x39, 0x67, 0x47,
	0x3d, 0x5e, 0x40, 0x21, 0x03, 0x63, 0xfc, 0x9d, 0x04, 0x3a, 0xfe, 0x0c,
	0x03, 0x6f, 0xbd, 0x8c, 0x4d, 0x2b, 0x5c, 0x90, 0x66, 0xfd, 0x2f, 0x02,
	0xc8, 0x55, 0x66, 0x2f, 0x3a, 0x66, 0x83, 0x1d, 0x26, 0x59, 0xa4, 0x80,
	0x4b, 0x2e, 0x5f, 0x94, 0x66, 0xfd, 0x39, 0x02, 0xc9, 0x5b, 0x65, 0x29,
	0x2a, 0x49, 0x5e, 0x00, 0x00, 0x02, 0x00, 0x8d, 0x00, 0x00, 0x03, 0xe0,
	0x04, 0x4e, 0x00, 0x04, 0x00, 0x1b, 0x00, 0x00, 0x41, 0x11, 0x23, 0x11,
	0x33, 0x03, 0x27, 0x3e, 0x03, 0x33, 0x32, 0x1e, 0x02, 0x15, 0x11, 0x23,
	0x11, 0x34, 0x26, 0x26, 0x23, 0x22, 0x0e, 0x02, 0x01, 0x46, 0xb9, 0xaf,
	0x22, 0x4d, 0x01, 0x40, 0x74, 0xa1, 0x62, 0x50, 0x80, 0x5b, 0x30, 0xba,
	0x32, 0x60, 0x46, 0x45, 0x71, 0x51, 0x2d, 0x03, 0x53, 0xfc, 0xad, 0x04,
	0x3a, 0xfe, 0x0c, 0x03, 0x6f, 0xbd, 0x8c, 0x4d, 0x2b, 0x5e, 0x95, 0x6b,
	0xfd, 0x3b, 0x02, 0xc7, 0x55, 0x67, 0x2f, 0x3a, 0x66, 0x83, 0x00, 0x02,
	0x00, 0x5c, 0xff, 0xec, 0x04, 0x35, 0x04, 0x4e, 0x00, 0x15, 0x00, 0x2b,
	0x00, 0x00, 0x53, 0x35, 0x34, 0x3e, 0x02, 0x33, 0x32, 0x1e, 0x02, 0x15,
	0x15, 0x14, 0x0e, 0x02, 0x23, 0x22, 0x2e, 0x02, 0x37, 0x15, 0x14, 0x1e,
	0x02, 0x33, 0x32, 0x3e, 0x02, 0x35, 0x35, 0x34, 0x2e, 0x02, 0x23, 0x22,
	0x0e, 0x02, 0x5c, 0x44, 0x80, 0xb6, 0x71, 0x72, 0xb7, 0x81, 0x44, 0x44,
	0x81, 0xb5, 0x72, 0x72, 0xb6, 0x81, 0x44, 0xb9, 0x26, 0x4d, 0x74, 0x4d,
	0x4c, 0x73, 0x4c, 0x27, 0x27, 0x4d, 0x73, 0x4d, 0x4c, 0x73, 0x4d, 0x26,
	0x02, 0x11, 0x17, 0x75, 0xc9, 0x95, 0x53, 0x53, 0x95, 0xc9, 0x75, 0x17,
	0x75, 0xc8, 0x95, 0x53, 0x53, 0x95, 0xc8, 0x8c, 0x17, 0x51, 0x8f, 0x6e,
	0x3f, 0x3f, 0x6e, 0x8f, 0x51, 0x17, 0x50, 0x8f, 0x6f, 0x40, 0x40, 0x6f,
	0x8f, 0x00, 0x00, 0x03, 0x00, 0x8c, 0xfe, 0x60, 0x04, 0x1f, 0x04, 0x4e,
	0x00, 0x04, 0x00, 0x1a, 0x00, 0x2f, 0x00, 0x00, 0x41, 0x11, 0x23, 0x11,
	0x33, 0x01, 0x15, 0x14, 0x0e, 0x02, 0x23, 0x22, 0x2e, 0x02, 0x27, 0x35,
	0x3e, 0x03, 0x33, 0x32, 0x1e, 0x02, 0x07, 0x35, 0x34, 0x2e, 0x02, 0x23,
	0x22, 0x0e, 0x02, 0x07, 0x11, 0x1e, 0x02, 0x33, 0x32, 0x3e, 0x02, 0x01,
	0x46, 0xba, 0xaa, 0x02, 0xe9, 0x38, 0x6b, 0x9c, 0x65, 0x67, 0x9e, 0x6e,
	0x41, 0x0c, 0x0c, 0x42, 0x6d, 0x9c, 0x66, 0x66, 0x9e, 0x6c, 0x37, 0xba,
	0x22, 0x47, 0x6e, 0x4c, 0x46, 0x67, 0x48, 0x2d, 0x0b, 0x14, 0x48, 0x78,
	0x5b, 0x4b, 0x6d, 0x47, 0x22, 0x03, 0x6a, 0xfa, 0xf6, 0x05, 0xda, 0xfd,
	0xec, 0x15, 0x76, 0xc9, 0x94, 0x52, 0x44, 0x82, 0xb6, 0x72, 0x70, 0x78,
	0xbe, 0x87, 0x47, 0x4f, 0x92, 0xcb, 0x91, 0x15, 0x51, 0x8f, 0x6d, 0x3f,
	0x30, 0x51, 0x67, 0x37, 0xfe, 0xfd, 0x46, 0x7b, 0x4b, 0x3f, 0x6e, 0x8f,
	0x00, 0x03, 0x00, 0x5f, 0xfe, 0x60, 0x03, 0xf0, 0x04, 0x4e, 0x00, 0x04,
	0x00, 0x1a, 0x00, 0x2f, 0x00, 0x00, 0x41, 0x11, 0x37, 0x33, 0x11, 0x01,
	0x35, 0x34, 0x3e, 0x02, 0x33, 0x32, 0x1e, 0x02, 0x17, 0x15, 0x0e, 0x03,
	0x23, 0x22, 0x2e, 0x02, 0x37, 0x15, 0x14, 0x1e, 0x02, 0x33, 0x32, 0x36,
	0x36, 0x37, 0x35, 0x2e, 0x03, 0x23, 0x22, 0x0e, 0x02, 0x03, 0x36, 0x10,
	0xaa, 0xfc, 0x6f, 0x3a, 0x70, 0x9f, 0x66, 0x66, 0x9b, 0x6d, 0x40, 0x0c,
	0x0b, 0x40, 0x6d, 0x9d, 0x67, 0x64, 0x9f, 0x6f, 0x3b, 0xba, 0x22, 0x47,
	0x6d, 0x4b, 0x5c, 0x7b, 0x4a, 0x14, 0x0b, 0x2f, 0x4a, 0x69, 0x46, 0x4c,
	0x6e, 0x47, 0x22, 0xfe, 0x60, 0x05, 0x0a, 0xd0, 0xfa, 0x26, 0x03, 0xb1,
	0x15, 0x7c, 0xcb, 0x92, 0x4f, 0x47, 0x87, 0xbe, 0x78, 0x5c, 0x77, 0xbe,
	0x86, 0x47, 0x52, 0x94, 0xc9, 0x8b, 0x15, 0x51, 0x8f, 0x6e, 0x3f, 0x50,
	0x83, 0x4b, 0xf1, 0x37, 0x68, 0x53, 0x31, 0x40, 0x6f, 0x90, 0x00, 0x02,
	0x00, 0x8d, 0x00, 0x00, 0x02, 0x98, 0x04, 0x4e, 0x00, 0x04, 0x00, 0x16,
	0x00, 0x00, 0x41, 0x11, 0x23, 0x11, 0x33, 0x25, 0x07, 0x26, 0x26, 0x23,
	0x22, 0x0e, 0x02, 0x07, 0x07, 0x34, 0x3e, 0x02, 0x33, 0x32, 0x16, 0x01,
	0x46, 0xb9, 0xb4, 0x01, 0x57, 0x01, 0x17, 0x29, 0x1a, 0x40, 0x62, 0x44,
	0x27, 0x06, 0x34, 0x27, 0x52, 0x7f, 0x58, 0x14, 0x34, 0x03, 0x90, 0xfc,
	0x70, 0x04, 0x3a, 0x06, 0xac, 0x05, 0x03, 0x28, 0x48, 0x63, 0x3b, 0x1e,
	0x62, 0xac, 0x85, 0x4b, 0x09, 0x00, 0x00, 0x01, 0x00, 0x5f, 0xff, 0xec,
	0x03, 0xbc, 0x04, 0x4e, 0x00, 0x35, 0x00, 0x00, 0x41, 0x34, 0x26, 0x26,
	0x27, 0x2e, 0x03, 0x35, 0x34, 0x3e, 0x02, 0x33, 0x32, 0x16, 0x16, 0x15,
	0x23, 0x34, 0x26, 0x26, 0x23, 0x22, 0x06, 0x06, 0x15, 0x14, 0x1e, 0x02,
	0x17, 0x1e, 0x02, 0x15, 0x14, 0x0e, 0x02, 0x23, 0x22, 0x26, 0x26, 0x35,
	0x33, 0x1e, 0x02, 0x33, 0x32, 0x36, 0x36, 0x03, 0x03, 0x23, 0x6b, 0x6b,
	0x5a, 0x91, 0x65, 0x36, 0x39, 0x69, 0x94, 0x5b, 0x82, 0xb8, 0x62, 0xb9,
	0x35, 0x65, 0x49, 0x4d, 0x5f, 0x2b, 0x15, 0x36, 0x62, 0x4c, 0x85, 0xac,
	0x54, 0x3b, 0x6f, 0x99, 0x5f, 0x8f, 0xc6, 0x66, 0xba, 0x04, 0x50, 0x74,
	0x39, 0x4c, 0x67, 0x36, 0x01, 0x1f, 0x28, 0x45, 0x39, 0x15, 0x13, 0x34,
	0x4a, 0x64, 0x43, 0x40, 0x72, 0x58, 0x32, 0x5c, 0x99, 0x5d, 0x2d, 0x55,
	0x38, 0x2f, 0x48, 0x28, 0x1e, 0x2f, 0x27, 0x22, 0x11, 0x1e, 0x54, 0x7a,
	0x57, 0x47, 0x76, 0x55, 0x2f, 0x66, 0xa2, 0x5a, 0x4c, 0x59, 0x25, 0x28,
	0x46, 0x00, 0x00, 0x02, 0x00, 0x09, 0xff, 0xec, 0x02, 0x57, 0x05, 0x41,
	0x00, 0x03, 0x00, 0x15, 0x00, 0x00, 0x41, 0x15, 0x21, 0x35, 0x13, 0x33,
	0x11, 0x14, 0x16, 0x16, 0x33, 0x32, 0x36, 0x37, 0x17, 0x06, 0x06, 0x23,
	0x22, 0x26, 0x26, 0x35, 0x02, 0x52, 0xfd, 0xb7, 0xc6, 0xb9, 0x22, 0x36,
	0x1f, 0x17, 0x33, 0x0d, 0x01, 0x16, 0x47, 0x32, 0x44, 0x72, 0x43, 0x04,
	0x3a, 0x8e, 0x8e, 0x01, 0x07, 0xfb, 0xcb, 0x37, 0x38, 0x12, 0x09, 0x03,
	0x97, 0x07, 0x0d, 0x36, 0x7f, 0x6c, 0x00, 0x02, 0x00, 0x89, 0xff, 0xec,
	0x03, 0xdd, 0x04, 0x3a, 0x00, 0x04, 0x00, 0x1b, 0x00, 0x00, 0x65, 0x11,
	0x33, 0x11, 0x23, 0x13, 0x37, 0x14, 0x0e, 0x02, 0x23, 0x22, 0x2e, 0x02,
	0x35, 0x11, 0x33, 0x11, 0x14, 0x1e, 0x02, 0x33, 0x32, 0x36, 0x36, 0x03,
	0x23, 0xba, 0xb1, 0x1a, 0x4d, 0x2d, 0x64, 0xa2, 0x74, 0x4f, 0x83, 0x5e,
	0x33, 0xb9, 0x21, 0x39, 0x47, 0x26, 0x76, 0x8a, 0x3d, 0xfa, 0x03, 0x40,
	0xfb, 0xc6, 0x01, 0xde, 0x02, 0x6c, 0xb7, 0x86, 0x4b, 0x2e, 0x60, 0x9a,
	0x6c, 0x02, 0xba, 0xfd, 0x44, 0x49, 0x5f, 0x37, 0x16, 0x5b, 0x9b, 0x00,
	0x00, 0x02, 0x00, 0x21, 0x00, 0x00, 0x03, 0xbb, 0x04, 0x3a, 0x00, 0x04,
	0x00, 0x09, 0x00, 0x00, 0x65, 0x01, 0x33, 0x01, 0x23, 0x03, 0x01, 0x17,
	0x23, 0x01, 0x01, 0xd6, 0x01, 0x28, 0xbd, 0xfe, 0x7b, 0x7c, 0xdb, 0x01,
	0x31, 0x15, 0x7c, 0xfe, 0x78, 0xa7, 0x03, 0x93, 0xfb, 0xc6, 0x04, 0x3a,
	0xfc, 0x68, 0xa2, 0x04, 0x3a, 0x00, 0x00, 0x04, 0x00, 0x2b, 0x00, 0x00,
	0x05, 0xd3, 0x04, 0x3a, 0x00, 0x05, 0x00, 0x0a, 0x00, 0x0f, 0x00, 0x15,
	0x00, 0x00, 0x65, 0x01, 0x33, 0x07, 0x01, 0x23, 0x03, 0x13, 0x17, 0x23,
	0x01, 0x01, 0x13, 0x33, 0x01, 0x23, 0x03, 0x01, 0x17, 0x23, 0x01, 0x27,
	0x01, 0x9f, 0x01, 0x16, 0x7a, 0x18, 0xfe, 0xe5, 0x77, 0xa1, 0xed, 0x11,
	0x7d, 0xfe, 0xc6, 0x04, 0x0e, 0xe2, 0xb8, 0xfe, 0xc6, 0x7c, 0xd3, 0x01,
	0x10, 0x1f, 0x76, 0xfe, 0xdd, 0x18, 0xc0, 0x03, 0x7a, 0xb1, 0xfc, 0x77,
	0x04, 0x3a, 0xfc, 0x7c, 0xb6, 0x04, 0x3a, 0xfc, 0x83, 0x03, 0x7d, 0xfb,
	0xc6, 0x04, 0x3a, 0xfc, 0x95, 0xcf, 0x03, 0x8b, 0xaf, 0x00, 0x00, 0x01,
	0x00, 0x2a, 0x00, 0x00, 0x03, 0xcb, 0x04, 0x3a, 0x00, 0x0b, 0x00, 0x00,
	0x41, 0x13, 0x13, 0x33, 0x01, 0x01, 0x23, 0x03, 0x03, 0x23, 0x01, 0x01,
	0x01, 0x0a, 0xed, 0xf0, 0xd9, 0xfe, 0x9e, 0x01, 0x6d, 0xd6, 0xfa, 0xfa,
	0xd7, 0x01, 0x6c, 0xfe, 0x9f, 0x04, 0x3a, 0xfe, 0x76, 0x01, 0x8a, 0xfd,
	0xea, 0xfd, 0xdc, 0x01, 0x96, 0xfe, 0x6a, 0x02, 0x24, 0x02, 0x16, 0x00,
	0x00, 0x02, 0x00, 0x16, 0xfe, 0x4b, 0x03, 0xb0, 0x04, 0x3a, 0x00, 0x13,
	0x00, 0x18, 0x00, 0x00, 0x65, 0x01, 0x33, 0x01, 0x0e, 0x03, 0x23, 0x22,
	0x26, 0x27, 0x27, 0x16, 0x16, 0x33, 0x32, 0x36, 0x36, 0x37, 0x03, 0x01,
	0x17, 0x07, 0x01, 0x01, 0xbd, 0x01, 0x2d, 0xc6, 0xfe, 0x4e, 0x0f, 0x31,
	0x4c, 0x6b, 0x4a, 0x16, 0x44, 0x0e, 0x01, 0x08, 0x23, 0x07, 0x3f, 0x58,
	0x3d, 0x16, 0x90, 0x01, 0x19, 0x30, 0x85, 0xfe, 0x72, 0x70, 0x03, 0xca,
	0xfb, 0x1f, 0x28, 0x5d, 0x54, 0x35, 0x0c, 0x04, 0x96, 0x01, 0x03, 0x21,
	0x4d, 0x43, 0x04, 0x9c, 0xfc, 0xb8, 0xc3, 0x44, 0x04, 0x4f, 0x00, 0x03,
	0x00, 0x59, 0x00, 0x00, 0x03, 0xb3, 0x04, 0x3a, 0x00, 0x03, 0x00, 0x09,
	0x00, 0x0d, 0x00, 0x00, 0x65, 0x15, 0x21, 0x35, 0x01, 0x01, 0x23, 0x35,
	0x01, 0x33, 0x23, 0x15, 0x21, 0x35, 0x03, 0xb3, 0xfc, 0xed, 0x02, 0xf6,
	0xfd, 0x34, 0x71, 0x02, 0xc7, 0x76, 0x52, 0xfd, 0x1d, 0x98, 0x98, 0x98,
	0x03, 0x1f, 0xfc, 0x49, 0x88, 0x03, 0xb2, 0x99, 0x99, 0x00, 0x00, 0x02,
	0x00, 0x40, 0xfe, 0x92, 0x02, 0x9f, 0x06, 0x3d, 0x00, 0x11, 0x00, 0x25,
	0x00, 0x00, 0x41, 0x17, 0x06, 0x06, 0x15, 0x15, 0x14, 0x06, 0x06, 0x23,
	0x35, 0x32, 0x36, 0x35, 0x35, 0x34, 0x36, 0x36, 0x13, 0x07, 0x2e, 0x02,
	0x35, 0x35, 0x34, 0x26, 0x26, 0x23, 0x35, 0x32, 0x16, 0x16, 0x15, 0x15,
	0x14, 0x16, 0x16, 0x02, 0x78, 0x27, 0x77, 0x5a, 0x51, 0xaf, 0x8e, 0x71,
	0x63, 0x41, 0x9b, 0xaf, 0x27, 0x88, 0x9b, 0x41, 0x2c, 0x5d, 0x4b, 0x8e,
	0xaf, 0x51, 0x27, 0x5b, 0x06, 0x3d, 0x72, 0x25, 0xbf, 0x7b, 0xcf, 0x64,
	0xa3, 0x60, 0x7a, 0x80, 0x6d, 0xcf, 0x69, 0xb7, 0x8b, 0xf8, 0xee, 0x73,
	0x27, 0x8a, 0xb7, 0x69, 0xce, 0x49, 0x6a, 0x3b, 0x7a, 0x60, 0xa3, 0x65,
	0xce, 0x52, 0x8c, 0x67, 0x00, 0x01, 0x00, 0xb0, 0xfe, 0xf2, 0x01, 0x45,
	0x05, 0xb0, 0x00, 0x03, 0x00, 0x00, 0x41, 0x11, 0x23, 0x11, 0x01, 0x45,
	0x95, 0x05, 0xb0, 0xf9, 0x42, 0x06, 0xbe, 0x00, 0x00, 0x02, 0x00, 0x14,
	0xfe, 0x92, 0x02, 0x73, 0x06, 0x3d, 0x00, 0x13, 0x00, 0x26, 0x00, 0x00,
	0x53, 0x37, 0x1e, 0x02, 0x15, 0x15, 0x14, 0x16, 0x16, 0x33, 0x15, 0x22,
	0x26, 0x26, 0x35, 0x35, 0x34, 0x26, 0x26, 0x03, 0x27, 0x3e, 0x02, 0x35,
	0x35, 0x34, 0x36, 0x36, 0x33, 0x15, 0x22, 0x06, 0x15, 0x15, 0x14, 0x06,
	0x06, 0x14, 0x27, 0x89, 0x9b, 0x40, 0x2c, 0x5d, 0x4b, 0x8d, 0xb0, 0x51,
	0x26, 0x5b, 0x29, 0x27, 0x4f, 0x5b, 0x27, 0x51, 0xb0, 0x8d, 0x70, 0x64,
	0x40, 0x9b, 0x05, 0xcb, 0x72, 0x26, 0x8b, 0xb7, 0x69, 0xcf, 0x48, 0x6b,
	0x3a, 0x71, 0x5b, 0x9f, 0x64, 0xcf, 0x52, 0x8d, 0x67, 0xf8, 0xe0, 0x73,
	0x19, 0x67, 0x8c, 0x52, 0xce, 0x65, 0x9e, 0x5b, 0x70, 0x81, 0x6d, 0xce,
	0x69, 0xb7, 0x8a, 0x00, 0x00, 0x01, 0x00, 0x83, 0x01, 0x93, 0x04, 0xef,
	0x03, 0x23, 0x00, 0x1f, 0x00, 0x00, 0x41, 0x37, 0x14, 0x0e, 0x02, 0x23,
	0x22, 0x26, 0x27, 0x26, 0x26, 0x23, 0x22, 0x06, 0x06, 0x15, 0x07, 0x34,
	0x3e, 0x02, 0x33, 0x32, 0x16, 0x17, 0x16, 0x16, 0x33, 0x32, 0x36, 0x36,
	0x04, 0x57, 0x98, 0x2f, 0x57, 0x77, 0x47, 0x57, 0x85, 0x4e, 0x33, 0x56,
	0x32, 0x33, 0x48, 0x27, 0xa1, 0x2f, 0x56, 0x77, 0x47, 0x58, 0x89, 0x49,
	0x37, 0x53, 0x31, 0x34, 0x4d, 0x2b, 0x03, 0x09, 0x01, 0x4d, 0x88, 0x67,
	0x3b, 0x46, 0x44, 0x2f, 0x34, 0x31, 0x5a, 0x3f, 0x02, 0x4e, 0x86, 0x64,
	0x37, 0x4a, 0x41, 0x32, 0x31, 0x36, 0x60, 0x00, 0x00, 0x01, 0x00, 0x00,
	0xff, 0x00, 0x08, 0x00, 0x07, 0x0c, 0x00, 0x1c, 0x00, 0x00, 0x01, 0x11,
	0x14, 0x06, 0x20, 0x26, 0x34, 0x36, 0x33, 0x32, 0x17, 0x11, 0x01, 0x11,
	0x14, 0x06, 0x20, 0x26, 0x34, 0x36, 0x33, 0x32, 0x17, 0x11, 0x34, 0x37,
	0x01, 0x36, 0x16, 0x08, 0x00, 0xe0, 0xfe, 0xc0, 0xe0, 0xe0, 0xa0, 0x3c,
	0x44, 0xfc, 0x00, 0xe0, 0xfe, 0xc0, 0xe0, 0xe0, 0xa0, 0x3c, 0x44, 0x58,
	0x05, 0x00, 0x40, 0x68, 0x06, 0x80, 0xfa, 0x80, 0x6c, 0x94, 0x94, 0xd8,
	0x94, 0x10, 0x02, 0xe4, 0xfe, 0xd4, 0xfc, 0x58, 0x6c, 0x94, 0x94, 0xd8,
	0x94, 0x10, 0x04, 0x18, 0x5c, 0x1c, 0x01, 0x78, 0x14, 0x4c, 0x00, 0x09,
	0x00, 0x00, 0x00, 0x00, 0x08, 0x00, 0x06, 0x00, 0x00, 0x2f, 0x00, 0x3b,
	0x00, 0x47, 0x00, 0x53, 0x00, 0x5f, 0x00, 0x6b, 0x00, 0x77, 0x00, 0x83,
	0x00, 0x8f, 0x00, 0x00, 0x01, 0x32, 0x16, 0x15, 0x11, 0x14, 0x06, 0x23,
	0x23, 0x35, 0x34, 0x23, 0x23, 0x22, 0x15, 0x15, 0x21, 0x35, 0x34, 0x23,
	0x23, 0x22, 0x15, 0x15, 0x23, 0x22, 0x26, 0x35, 0x11, 0x34, 0x36, 0x33,
	0x33, 0x15, 0x14, 0x33, 0x33, 0x32, 0x35, 0x35, 0x21, 0x15, 0x14, 0x33,
	0x33, 0x32, 0x35, 0x35, 0x01, 0x35, 0x34, 0x23, 0x23, 0x22, 0x15, 0x15,
	0x14, 0x33, 0x33, 0x32, 0x11, 0x35, 0x34, 0x23, 0x23, 0x22, 0x15, 0x15,
	0x14, 0x33, 0x33, 0x32, 0x11, 0x35, 0x34, 0x23, 0x23, 0x22, 0x15, 0x15,
	0x14, 0x33, 0x33, 0x32, 0x01, 0x11, 0x34, 0x23, 0x21, 0x22, 0x15, 0x11,
	0x14, 0x33, 0x21, 0x32, 0x11, 0x11, 0x34, 0x23, 0x21, 0x22, 0x15, 0x11,
	0x14, 0x33, 0x21, 0x32, 0x01, 0x35, 0x34, 0x23, 0x23, 0x22, 0x15, 0x15,
	0x14, 0x33, 0x33, 0x32, 0x11, 0x35, 0x34, 0x23, 0x23, 0x22, 0x15, 0x15,
	0x14, 0x33, 0x33, 0x32, 0x11, 0x35, 0x34, 0x23, 0x23, 0x22, 0x15, 0x15,
	0x14, 0x33, 0x33, 0x32, 0x07, 0xa0, 0x28, 0x38, 0x38, 0x28, 0x20, 0x30,
	0xa0, 0x30, 0xfb, 0x00, 0x30, 0xa0, 0x30, 0x20, 0x28, 0x38, 0x38, 0x28,
	0x20, 0x30, 0xa0, 0x30, 0x05, 0x00, 0x30, 0xa0, 0x30, 0xfa, 0x00, 0x30,
	0xa0, 0x30, 0x30, 0xa0, 0x30, 0x30, 0xa0, 0x30, 0x30, 0xa0, 0x30, 0x30,
	0xa0, 0x30, 0x30, 0xa0, 0x30, 0x04, 0x40, 0x30, 0xfc, 0xe0, 0x30, 0x30,
	0x03, 0x20, 0x30, 0x30, 0xfc, 0xe0, 0x30, 0x30, 0x03, 0x20, 0x30, 0x01,
	0xc0, 0x30, 0xa0, 0x30, 0x30, 0xa0, 0x30, 0x30, 0xa0, 0x30, 0x30, 0xa0,
	0x30, 0x30, 0xa0, 0x30, 0x30, 0xa0, 0x30, 0x06, 0x00, 0x38, 0x28, 0xfa,
	0xc0, 0x28, 0x38, 0x50, 0x30, 0x30, 0x50, 0x50, 0x30, 0x30, 0x50, 0x38,
	0x28, 0x05, 0x40, 0x28, 0x38, 0x50, 0x30, 0x30, 0x50, 0x50, 0x30, 0x30,
	0x50, 0xfb, 0x30, 0xa0, 0x30, 0x30, 0xa0, 0x30, 0x01, 0xb0, 0xa0, 0x30,
	0x30, 0xa0, 0x30, 0x01, 0xb0, 0xa0, 0x30, 0x30, 0xa0, 0x30, 0xfc, 0xf0,
	0x01, 0x80, 0x30, 0x30, 0xfe, 0x80, 0x30, 0x02, 0xd0, 0x01, 0x80, 0x30,
	0x30, 0xfe, 0x80, 0x30, 0xfd, 0xd0, 0xa0, 0x30, 0x30, 0xa0, 0x30, 0x01,
	0xb0, 0xa0, 0x30, 0x30, 0xa0, 0x30, 0x01, 0xb0, 0xa0, 0x30, 0x30, 0xa0,
	0x30, 0x00, 0x00, 0x06, 0x00, 0x00, 0xff, 0x80, 0x08, 0x00, 0x06, 0x80,
	0x00, 0x0f, 0x00, 0x1f, 0x00, 0x2f, 0x00, 0x3f, 0x00, 0x4f, 0x00, 0x5f,
	0x00, 0x00, 0x01, 0x11, 0x14, 0x06, 0x23, 0x21, 0x22, 0x26, 0x35, 0x11,
	0x34, 0x36, 0x33, 0x21, 0x32, 0x16, 0x01, 0x34, 0x36, 0x33, 0x21, 0x32,
	0x16, 0x15, 0x11, 0x14, 0x06, 0x23, 0x21, 0x22, 0x26, 0x35, 0x01, 0x32,
	0x16, 0x15, 0x11, 0x14, 0x06, 0x23, 0x21, 0x22, 0x26, 0x35, 0x11, 0x34,
	0x36, 0x33, 0x01, 0x22, 0x26, 0x35, 0x11, 0x34, 0x36, 0x33, 0x21, 0x32,
	0x16, 0x15, 0x11, 0x14, 0x06, 0x23, 0x01, 0x34, 0x36, 0x33, 0x21, 0x32,
	0x16, 0x15, 0x11, 0x14, 0x06, 0x23, 0x21, 0x22, 0x26, 0x35, 0x13, 0x22,
	0x26, 0x35, 0x11, 0x34, 0x36, 0x33, 0x21, 0x32, 0x16, 0x15, 0x11, 0x14,
	0x06, 0x23, 0x02, 0x54, 0x38, 0x28, 0xfe, 0x6c, 0x28, 0x38, 0x38, 0x28,
	0x01, 0x94, 0x28, 0x38, 0xfd, 0xac, 0x38, 0x28, 0x01, 0x94, 0x28, 0x38,
	0x38, 0x28, 0xfe, 0x6c, 0x28, 0x38, 0x01, 0xf4, 0x28, 0x38, 0x38, 0x28,
	0xfe, 0x6c, 0x28, 0x38, 0x38, 0x28, 0x02, 0xd4, 0x28, 0x38, 0x38, 0x28,
	0x04, 0x6c, 0x28, 0x38, 0x38, 0x28, 0xfb, 0x34, 0x38, 0x28, 0x04, 0x6c,
	0x28, 0x38, 0x38, 0x28, 0xfb, 0x94, 0x28, 0x38, 0x60, 0x28, 0x38, 0x38,
	0x28, 0x04, 0x6c, 0x28, 0x38, 0x38, 0x28, 0x03, 0xa0, 0xfe, 0xc0, 0x28,
	0x38, 0x38, 0x28, 0x01, 0x40, 0x28, 0x38, 0x38, 0xfd, 0x58, 0x28, 0x38,
	0x38, 0x28, 0xfe, 0xc0, 0x28, 0x38, 0x38, 0x28, 0x06, 0xa0, 0x38, 0x28,
	0xfe, 0xc0, 0x28, 0x38, 0x38, 0x28, 0x01, 0x40, 0x28, 0x38, 0xf9, 0x00,
	0x38, 0x28, 0x01, 0x40, 0x28, 0x38, 0x38, 0x28, 0xfe, 0xc0, 0x28, 0x38,
	0x06, 0xa0, 0x28, 0x38, 0x38, 0x28, 0xfe, 0xc0, 0x28, 0x38, 0x38, 0x28,
	0xfd, 0x20, 0x38, 0x28, 0x01, 0x40, 0x28, 0x38, 0x38, 0x28, 0xfe, 0xc0,
	0x28, 0x38, 0x00, 0x01, 0x00, 0x00, 0x00, 0x04, 0x08, 0x00, 0x05, 0xfc,
	0x00, 0x14, 0x00, 0x00, 0x25, 0x01, 0x26, 0x34, 0x37, 0x37, 0x36, 0x32,
	0x17, 0x01, 0x01, 0x36, 0x32, 0x17, 0x17, 0x16, 0x14, 0x07, 0x01, 0x06,
	0x22, 0x02, 0xb8, 0xfd, 0x64, 0x1c, 0x1c, 0x94, 0x1c, 0x54, 0x20, 0x01,
	0xc0, 0x03, 0xc0, 0x20, 0x54, 0x1c, 0x94, 0x1c, 0x1c, 0xfb, 0x64, 0x1c,
	0x58, 0x24, 0x02, 0x98, 0x1c, 0x58, 0x1c, 0x90, 0x20, 0x20, 0xfe, 0x40,
	0x03, 0xc0, 0x20, 0x20, 0x90, 0x1c, 0x58, 0x1c, 0xfb, 0x68, 0x20, 0x00,
	0x00, 0x01, 0x00, 0x00, 0x00, 0x40, 0x05, 0x80, 0x05, 0xc0, 0x00, 0x23,
	0x00, 0x00, 0x01, 0x01, 0x16, 0x14, 0x07, 0x07, 0x06, 0x22, 0x27, 0x01,
	0x01, 0x06, 0x22, 0x27, 0x27, 0x26, 0x34, 0x37, 0x01, 0x01, 0x26, 0x34,
	0x37, 0x37, 0x36, 0x32, 0x17, 0x01, 0x01, 0x36, 0x32, 0x17, 0x17, 0x16,
	0x14, 0x07, 0x03, 0xcc, 0x01, 0x90, 0x24, 0x24, 0x58, 0x28, 0x68, 0x24,
	0xfe, 0x70, 0xfe, 0x70, 0x24, 0x68, 0x28, 0x58, 0x24, 0x24, 0x01, 0x90,
	0xfe, 0x70, 0x24, 0x24, 0x58, 0x28, 0x68, 0x24, 0x01, 0x90, 0x01, 0x90,
	0x24, 0x68, 0x28, 0x58, 0x24, 0x24, 0x03, 0x00, 0xfe, 0x70, 0x24, 0x68,
	0x28, 0x58, 0x24, 0x24, 0x01, 0x90, 0xfe, 0x70, 0x24, 0x24, 0x58, 0x28,
	0x68, 0x24, 0x01, 0x90, 0x01, 0x90, 0x24, 0x68, 0x28, 0x58, 0x24, 0x24,
	0xfe, 0x70, 0x01, 0x90, 0x24, 0x24, 0x58, 0x28, 0x68, 0x24, 0x00, 0x02,
	0x00, 0x20, 0xff, 0x20, 0x07, 0xe0, 0x07, 0x00, 0x00, 0x29, 0x00, 0x39,
	0x00, 0x00, 0x01, 0x16, 0x12, 0x15, 0x10, 0x00, 0x21, 0x20, 0x00, 0x00,
	0x11, 0x34, 0x12, 0x36, 0x37, 0x36, 0x16, 0x17, 0x17, 0x16, 0x06, 0x07,
	0x0e, 0x03, 0x15, 0x10, 0x00, 0x21, 0x20, 0x00, 0x11, 0x34, 0x02, 0x27,
	0x26, 0x26, 0x37, 0x37, 0x36, 0x36, 0x01, 0x14, 0x06, 0x23, 0x23, 0x22,
	0x26, 0x35, 0x11, 0x34, 0x36, 0x33, 0x33, 0x32, 0x16, 0x15, 0x06, 0x40,
	0xc0, 0xe0, 0xfd, 0xbc, 0xfe, 0x64, 0xfe, 0xf4, 0xfe, 0x38, 0xfe, 0xf4,
	0x68, 0xb8, 0x80, 0x24, 0x54, 0x14, 0x40, 0x10, 0x10, 0x1c, 0x40, 0x64,
	0x44, 0x28, 0x01, 0x88, 0x01, 0x18, 0x01, 0x14, 0x01, 0x8c, 0x90, 0x80,
	0x1c, 0x10, 0x10, 0x40, 0x14, 0x54, 0xfe, 0x84, 0x38, 0x28, 0x80, 0x28,
	0x38, 0x38, 0x28, 0x80, 0x28, 0x38, 0x06, 0x28, 0x88, 0xfe, 0x54, 0xf4,
	0xfe, 0x64, 0xfd, 0xbc, 0x01, 0x08, 0x01, 0xc8, 0x01, 0x10, 0xa4, 0x01,
	0x30, 0xf8, 0x5c, 0x18, 0x14, 0x24, 0x70, 0x20, 0x48, 0x14, 0x30, 0x74,
	0x88, 0x9c, 0x54, 0xfe, 0xec, 0xfe, 0x74, 0x01, 0x88, 0x01, 0x1c, 0x9c,
	0x01, 0x1c, 0x60, 0x14, 0x48, 0x20, 0x70, 0x24, 0x14, 0xfc, 0xa0, 0x28,
	0x38, 0x38, 0x28, 0x03, 0xc0, 0x28, 0x38, 0x38, 0x28, 0x00, 0x00, 0x02,
	0x00, 0x40, 0xff, 0x08, 0x07, 0xc0, 0x06, 0xf8, 0x00, 0x3c, 0x00, 0x44,
	0x00, 0x00, 0x01, 0x16, 0x07, 0x06, 0x07, 0x06, 0x27, 0x27, 0x06, 0x07,
	0x15, 0x14, 0x07, 0x06, 0x27, 0x26, 0x35, 0x35, 0x26, 0x27, 0x07, 0x06,
	0x27, 0x26, 0x27, 0x26, 0x37, 0x37, 0x26, 0x34, 0x37, 0x27, 0x26, 0x37,
	0x36, 0x37, 0x36, 0x17, 0x17, 0x36, 0x37, 0x35, 0x34, 0x37, 0x36, 0x17,
	0x16, 0x15, 0x15, 0x16, 0x17, 0x37, 0x36, 0x17, 0x16, 0x17, 0x16, 0x07,
	0x07, 0x16, 0x07, 0x04, 0x20, 0x36, 0x10, 0x26, 0x20, 0x06, 0x10, 0x07,
	0x9c, 0x24, 0x0c, 0x44, 0x98, 0x18, 0x20, 0xac, 0x6c, 0x88, 0x24, 0xdc,
	0xd8, 0x28, 0x88, 0x6c, 0xa8, 0x24, 0x18, 0x98, 0x44, 0x0c, 0x24, 0xa8,
	0x0c, 0x0c, 0xa8, 0x24, 0x0c, 0x44, 0x98, 0x18, 0x24, 0xa8, 0x6c, 0x88,
	0x24, 0xdc, 0xdc, 0x24, 0x88, 0x6c, 0xa8, 0x24, 0x18, 0x98, 0x44, 0x0c,
	0x24, 0xa8, 0x18, 0x18, 0xfc, 0x88, 0x01, 0x08, 0xbc, 0xbc, 0xfe, 0xf8,
	0xbc, 0x02, 0x10, 0x10, 0x28, 0xd4, 0xa4, 0x1c, 0x10, 0x64, 0x5c, 0x30,
	0xc4, 0x28, 0x08, 0x30, 0x30, 0x08, 0x28, 0xc4, 0x30, 0x5c, 0x64, 0x10,
	0x1c, 0xa4, 0xd4, 0x24, 0x14, 0x64, 0x44, 0x90, 0x44, 0x64, 0x10, 0x28,
	0xd4, 0xa4, 0x1c, 0x14, 0x60, 0x5c, 0x30, 0xc4, 0x28, 0x08, 0x30, 0x30,
	0x08, 0x28, 0xc4, 0x30, 0x5c, 0x64, 0x10, 0x1c, 0xa4, 0xd4, 0x28, 0x10,
	0x64, 0x8c, 0x8c, 0xb4, 0xbc, 0x01, 0x08, 0xbc, 0xbc, 0xfe, 0xf8, 0x00,
	0x00, 0x02, 0x00, 0x00, 0xff, 0x80, 0x09, 0x00, 0x06, 0x80, 0x00, 0x1e,
	0x00, 0x44, 0x00, 0x00, 0x01, 0x36, 0x32, 0x17, 0x01, 0x11, 0x14, 0x06,
	0x23, 0x21, 0x22, 0x26, 0x35, 0x11, 0x34, 0x26, 0x26, 0x23, 0x21, 0x22,
	0x06, 0x15, 0x11, 0x14, 0x06, 0x23, 0x21, 0x22, 0x26, 0x35, 0x11, 0x25,
	0x16, 0x15, 0x14, 0x07, 0x07, 0x06, 0x23, 0x22, 0x27, 0x01, 0x26, 0x22,
	0x07, 0x01, 0x06, 0x23, 0x22, 0x27, 0x27, 0x26, 0x35, 0x34, 0x37, 0x01,
	0x36, 0x32, 0x17, 0x01, 0x11, 0x34, 0x36, 0x33, 0x33, 0x32, 0x16, 0x15,
	0x11, 0x04, 0x60, 0x10, 0x20, 0x10, 0x02, 0xe0, 0x24, 0x1c, 0xfe, 0x40,
	0x1c, 0x24, 0x10, 0x20, 0x10, 0xff, 0x00, 0x1c, 0x24, 0x24, 0x1c, 0xfe,
	0x40, 0x1c, 0x24, 0x07, 0x70, 0x10, 0x0c, 0x64, 0x10, 0x14, 0x14, 0x0c,
	0xfc, 0x54, 0x10, 0x20, 0x10, 0xfc, 0x54, 0x0c, 0x10, 0x18, 0x10, 0x64,
	0x0c, 0x10, 0x03, 0xf4, 0x38, 0x88, 0x34, 0x01, 0x68, 0x1c, 0x14, 0xe0,
	0x14, 0x1c, 0x04, 0xb0, 0x08, 0x08, 0xfd, 0xa0, 0xfd, 0x70, 0x1c, 0x24,
	0x28, 0x18, 0x01, 0x80, 0x10, 0x20, 0x10, 0x24, 0x1c, 0xfe, 0x80, 0x18,
	0x28, 0x24, 0x1c, 0x02, 0x90, 0xc4, 0x10, 0x18, 0x10, 0x0c, 0x7c, 0x14,
	0x0c, 0x03, 0x08, 0x08, 0x08, 0xfc, 0xf8, 0x0c, 0x14, 0x7c, 0x0c, 0x10,
	0x18, 0x10, 0x03, 0x40, 0x2c, 0x2c, 0xfe, 0xd8, 0x01, 0x24, 0x14, 0x1c,
	0x1c, 0x14, 0xfd, 0xd4, 0x00, 0x04, 0x00, 0x00, 0xff, 0x00, 0x08, 0x00,
	0x07, 0x00, 0x00, 0x15, 0x00, 0x2b, 0x00, 0x33, 0x00, 0x3b, 0x00, 0x00,
	0x01, 0x21, 0x32, 0x16, 0x15, 0x11, 0x21, 0x32, 0x16, 0x07, 0x01, 0x06,
	0x22, 0x27, 0x01, 0x26, 0x36, 0x33, 0x21, 0x11, 0x34, 0x36, 0x01, 0x11,
	0x14, 0x06, 0x23, 0x21, 0x22, 0x26, 0x35, 0x11, 0x34, 0x36, 0x33, 0x21,
	0x17, 0x16, 0x32, 0x37, 0x37, 0x21, 0x32, 0x16, 0x00, 0x34, 0x26, 0x22,
	0x06, 0x14, 0x16, 0x32, 0x24, 0x34, 0x26, 0x22, 0x06, 0x14, 0x16, 0x32,
	0x03, 0x60, 0x01, 0x40, 0x28, 0x38, 0x01, 0x60, 0x34, 0x28, 0x24, 0xfd,
	0xa0, 0x18, 0x40, 0x18, 0xfd, 0xa0, 0x24, 0x28, 0x34, 0x01, 0x60, 0x38,
	0x04, 0xc8, 0x38, 0x28, 0xf8, 0xc0, 0x28, 0x38, 0x38, 0x28, 0x02, 0x4c,
	0xc4, 0x3c, 0xa8, 0x3c, 0xc4, 0x02, 0x4c, 0x28, 0x38, 0xfe, 0x10, 0x30,
	0x40, 0x30, 0x30, 0x40, 0x01, 0x30, 0x30, 0x40, 0x30, 0x30, 0x40, 0x07,
	0x00, 0x38, 0x28, 0xfd, 0x60, 0x64, 0x24, 0xfd, 0xa0, 0x18, 0x18, 0x02,
	0x60, 0x24, 0x64, 0x02, 0xa0, 0x28, 0x38, 0xfa, 0x20, 0xfe, 0x40, 0x28,
	0x38, 0x38, 0x28, 0x01, 0xc0, 0x28, 0x38, 0xc4, 0x3c, 0x3c, 0xc4, 0x38,
	0xfe, 0x58, 0x40, 0x30, 0x30, 0x40, 0x30, 0x30, 0x40, 0x30, 0x30, 0x40,
	0x30, 0x00, 0x00, 0x02, 0x00, 0x00, 0x00, 0x00, 0x09, 0x00, 0x06, 0x00,
	0x00, 0x16, 0x00, 0x1e, 0x00, 0x00, 0x01, 0x16, 0x15, 0x11, 0x14, 0x06,
	0x23, 0x21, 0x22, 0x26, 0x35, 0x11, 0x34, 0x37, 0x01, 0x3e, 0x02, 0x33,
	0x21, 0x32, 0x16, 0x17, 0x05, 0x01, 0x21, 0x13, 0x21, 0x13, 0x21, 0x01,
	0x08, 0xe0, 0x20, 0x70, 0x50, 0xf8, 0x80, 0x50, 0x70, 0x20, 0x01, 0xa8,
	0x10, 0x34, 0x40, 0x1c, 0x04, 0x30, 0x2c, 0x5c, 0x18, 0xfb, 0x50, 0xfe,
	0xac, 0x01, 0xec, 0x80, 0x01, 0xc0, 0x80, 0x01, 0xec, 0xfe, 0xac, 0x03,
	0x30, 0x30, 0x3c, 0xfd, 0xfc, 0x50, 0x70, 0x70, 0x50, 0x02, 0x04, 0x3c,
	0x30, 0x02, 0x7c, 0x14, 0x28, 0x18, 0x34, 0x20, 0xac, 0xfe, 0x00, 0xff,
	0x00, 0x01, 0x00, 0x02, 0x00, 0x00, 0x00, 0x02, 0x00, 0x00, 0xff, 0x00,
	0x08, 0x00, 0x07, 0x00, 0x00, 0x2a, 0x00, 0x54, 0x00, 0x00, 0x01, 0x34,
	0x31, 0x34, 0x36, 0x33, 0x33, 0x32, 0x15, 0x11, 0x14, 0x06, 0x23, 0x21,
	0x22, 0x26, 0x35, 0x35, 0x34, 0x36, 0x33, 0x05, 0x26, 0x24, 0x23, 0x22,
	0x00, 0x07, 0x06, 0x23, 0x23, 0x22, 0x26, 0x35, 0x34, 0x35, 0x12, 0x00,
	0x21, 0x32, 0x04, 0x04, 0x17, 0x01, 0x32, 0x00, 0x37, 0x36, 0x33, 0x33,
	0x32, 0x16, 0x15, 0x14, 0x07, 0x02, 0x00, 0x21, 0x22, 0x24, 0x27, 0x13,
	0x14, 0x31, 0x14, 0x06, 0x23, 0x23, 0x22, 0x35, 0x11, 0x34, 0x36, 0x33,
	0x21, 0x32, 0x16, 0x15, 0x15, 0x14, 0x06, 0x23, 0x25, 0x16, 0x04, 0x06,
	0xe4, 0x1c, 0x14, 0xbc, 0x30, 0x1c, 0x14, 0xfc, 0xe0, 0x14, 0x1c, 0x1c,
	0x14, 0x01, 0x98, 0x58, 0xfe, 0xac, 0x9c, 0xe8, 0xfe, 0x70, 0x34, 0x08,
	0x28, 0xc4, 0x14, 0x1c, 0x44, 0x02, 0x24, 0x01, 0x68, 0x7c, 0x01, 0x24,
	0x01, 0x04, 0x50, 0xfd, 0x0c, 0xe4, 0x01, 0x90, 0x38, 0x08, 0x28, 0xc4,
	0x14, 0x1c, 0x04, 0x40, 0xfd, 0xdc, 0xfe, 0x98, 0xc0, 0xfe, 0x48, 0x7c,
	0x10, 0x1c, 0x14, 0xbc, 0x30, 0x1c, 0x14, 0x03, 0x20, 0x14, 0x1c, 0x1c,
	0x14, 0xfe, 0x68, 0x54, 0x01, 0x58, 0x06, 0xcc, 0x04, 0x14, 0x1c, 0x30,
	0xfc, 0xe0, 0x14, 0x1c, 0x1c, 0x14, 0xbc, 0x14, 0x1c, 0x14, 0x80, 0xb8,
	0xfe, 0xc4, 0xe0, 0x24, 0x1c, 0x14, 0x04, 0x04, 0x01, 0x5c, 0x01, 0xcc,
	0x5c, 0xa4, 0x5c, 0xfa, 0xbc, 0x01, 0x3c, 0xe0, 0x24, 0x1c, 0x14, 0x04,
	0x04, 0xfe, 0xa4, 0xfe, 0x34, 0xcc, 0x90, 0xfe, 0xb8, 0x04, 0x14, 0x1c,
	0x30, 0x03, 0x20, 0x14, 0x1c, 0x1c, 0x14, 0xbc, 0x14, 0x1c, 0x14, 0x80,
	0xb8, 0x00, 0x00, 0x01, 0x00, 0x00, 0xff, 0xf0, 0x04, 0x00, 0x06, 0x10,
	0x00, 0x11, 0x00, 0x00, 0x01, 0x36, 0x16, 0x15, 0x11, 0x14, 0x06, 0x27,
	0x01, 0x21, 0x22, 0x26, 0x35, 0x11, 0x34, 0x36, 0x33, 0x21, 0x03, 0x5c,
	0x2c, 0x78, 0x78, 0x2c, 0xfe, 0x9c, 0xfe, 0x68, 0x28, 0x38, 0x38, 0x28,
	0x01, 0x98, 0x05, 0xe4, 0x2c, 0x30, 0x40, 0xfa, 0xc0, 0x40, 0x30, 0x2c,
	0x01, 0x64, 0x38, 0x28, 0x02, 0x40, 0x28, 0x38, 0x00, 0x02, 0x00, 0x00,
	0xff, 0xec, 0x06, 0x00, 0x06, 0x0c, 0x00, 0x11, 0x00, 0x23, 0x00, 0x00,
	0x01, 0x36, 0x16, 0x15, 0x11, 0x14, 0x06, 0x27, 0x01, 0x21, 0x22, 0x26,
	0x35, 0x11, 0x34, 0x36, 0x33, 0x21, 0x05, 0x16, 0x16, 0x14, 0x06, 0x07,
	0x06, 0x26, 0x26, 0x36, 0x37, 0x36, 0x34, 0x27, 0x26, 0x26, 0x36, 0x36,
	0x03, 0x5c, 0x2c, 0x78, 0x78, 0x2c, 0xfe, 0x9c, 0xfe, 0x68, 0x28, 0x38,
	0x38, 0x28, 0x01, 0x98, 0x03, 0x50, 0x54, 0x64, 0x64, 0x54, 0x20, 0x50,
	0x24, 0x14, 0x24, 0x54, 0x54, 0x24, 0x14, 0x24, 0x50, 0x05, 0xe0, 0x2c,
	0x30, 0x40, 0xfa, 0xc0, 0x40, 0x30, 0x2c, 0x01, 0x64, 0x38, 0x28, 0x02,
	0x40, 0x28, 0x38, 0x4c, 0x30, 0xa4, 0xc0, 0xa4, 0x30, 0x14, 0x18, 0x44,
	0x4c, 0x14, 0x30, 0xb8, 0x30, 0x14, 0x4c, 0x44, 0x18, 0x00, 0x00, 0x04,
	0x00, 0x00, 0xff, 0x38, 0x09, 0x00, 0x06, 0xc8, 0x00, 0x11, 0x00, 0x27,
	0x00, 0x3e, 0x00, 0x50, 0x00, 0x00, 0x01, 0x36, 0x16, 0x15, 0x11, 0x14,
	0x06, 0x27, 0x01, 0x21, 0x22, 0x26, 0x35, 0x11, 0x34, 0x36, 0x33, 0x21,
	0x01, 0x16, 0x00, 0x10, 0x00, 0x07, 0x06, 0x26, 0x26, 0x36, 0x37, 0x36,
	0x36, 0x12, 0x35, 0x34, 0x02, 0x27, 0x26, 0x26, 0x36, 0x36, 0x12, 0x10,
	0x02, 0x07, 0x06, 0x26, 0x27, 0x26, 0x36, 0x37, 0x3e, 0x02, 0x34, 0x26,
	0x26, 0x27, 0x26, 0x26, 0x36, 0x36, 0x17, 0x16, 0x05, 0x16, 0x16, 0x14,
	0x06, 0x07, 0x06, 0x26, 0x26, 0x36, 0x37, 0x36, 0x34, 0x27, 0x26, 0x26,
	0x36, 0x36, 0x03, 0x5c, 0x2c, 0x78, 0x78, 0x2c, 0xfe, 0x9c, 0xfe, 0x68,
	0x28, 0x38, 0x38, 0x28, 0x01, 0x98, 0x05, 0x08, 0xf0, 0x01, 0x10, 0xfe,
	0xf0, 0xf0, 0x20, 0x50, 0x2c, 0x10, 0x24, 0x84, 0xbc, 0x68, 0xe4, 0xc4,
	0x24, 0x10, 0x2c, 0x50, 0xa0, 0xb4, 0xa4, 0x24, 0x4c, 0x14, 0x14, 0x10,
	0x24, 0x4c, 0x74, 0x3c, 0x3c, 0x74, 0x4c, 0x24, 0x10, 0x28, 0x50, 0x20,
	0xa4, 0xfe, 0x7c, 0x54, 0x64, 0x64, 0x54, 0x20, 0x50, 0x24, 0x14, 0x24,
	0x54, 0x54, 0x24, 0x14, 0x24, 0x50, 0x05, 0xe4, 0x2c, 0x30, 0x40, 0xfa,
	0xc0, 0x40, 0x30, 0x2c, 0x01, 0x64, 0x38, 0x28, 0x02, 0x40, 0x28, 0x38,
	0x02, 0x30, 0x9c, 0xfe, 0x08, 0xfd, 0xc8, 0xfe, 0x08, 0x9c, 0x18, 0x14,
	0x40, 0x50, 0x14, 0x58, 0xf4, 0x01, 0x28, 0x9c, 0xec, 0x01, 0xa0, 0x84,
	0x14, 0x50, 0x40, 0x14, 0xfc, 0xf8, 0xfe, 0x80, 0xfe, 0xb4, 0x64, 0x18,
	0x14, 0x20, 0x24, 0x4c, 0x18, 0x30, 0x90, 0xb0, 0xb8, 0xb0, 0x90, 0x30,
	0x18, 0x4c, 0x44, 0x14, 0x18, 0x64, 0xd8, 0x30, 0xa4, 0xc0, 0xa4, 0x30,
	0x14, 0x18, 0x44, 0x4c, 0x14, 0x30, 0xb8, 0x30, 0x14, 0x4c, 0x44, 0x18,
	0x00, 0x03, 0x00, 0x00, 0x00, 0x00, 0x08, 0x00, 0x06, 0x00, 0x00, 0x0f,
	0x00, 0x17, 0x00, 0x22, 0x00, 0x00, 0x21, 0x21, 0x22, 0x26, 0x35, 0x11,
	0x34, 0x36, 0x33, 0x21, 0x32, 0x16, 0x15, 0x11, 0x14, 0x06, 0x00, 0x22,
	0x06, 0x14, 0x16, 0x32, 0x36, 0x34, 0x01, 0x21, 0x11, 0x01, 0x26, 0x07,
	0x01, 0x27, 0x26, 0x07, 0x01, 0x07, 0x40, 0xf9, 0x80, 0x50, 0x70, 0x70,
	0x50, 0x06, 0x80, 0x50, 0x70, 0x70, 0xfa, 0x8c, 0xb8, 0x84, 0x84, 0xb8,
	0x84, 0xfe, 0x60, 0x06, 0x00, 0xfe, 0xa0, 0x20, 0x20, 0xfd, 0xe0, 0xe0,
	0x20, 0x20, 0xfe, 0xe0, 0x70, 0x50, 0x04, 0x80, 0x50, 0x70, 0x70, 0x50,
	0xfb, 0x80, 0x50, 0x70, 0x05, 0x20, 0x84, 0xb8, 0x84, 0x84, 0xb8, 0xfc,
	0x64, 0x01, 0xc0, 0x01, 0x60, 0x20, 0x20, 0xfd, 0xe0, 0xe0, 0x20, 0x20,
	0xfe, 0xe0, 0x00, 0x02, 0x00, 0x00, 0xff, 0x00, 0x05, 0x80, 0x07, 0x00,
	0x00, 0x11, 0x00, 0x21, 0x00, 0x00, 0x01, 0x16, 0x12, 0x16, 0x12, 0x15,
	0x10, 0x00, 0x20, 0x00, 0x11, 0x34, 0x12, 0x36, 0x12, 0x37, 0x36, 0x32,
	0x03, 0x32, 0x36, 0x34, 0x26, 0x23, 0x22, 0x26, 0x35, 0x34, 0x26, 0x22,
	0x06, 0x15, 0x14, 0x00, 0x03, 0x34, 0x40, 0xd8, 0xb0, 0x84, 0xfe, 0x64,
	0xfd, 0xb8, 0xfe, 0x64, 0x84, 0xb4, 0xd4, 0x40, 0x1c, 0xb4, 0x5c, 0x1c,
	0x24, 0x24, 0x1c, 0x84, 0xbc, 0x24, 0x38, 0x24, 0x01, 0x08, 0x06, 0xa8,
	0xd0, 0xfe, 0x84, 0xd8, 0xfe, 0xdc, 0x98, 0xfe, 0xd8, 0xfe, 0x60, 0x01,
	0xa0, 0x01, 0x28, 0x98, 0x01, 0x20, 0xe0, 0x01, 0x78, 0xd0, 0x58, 0xf9,
	0x00, 0x24, 0x38, 0x24, 0xbc, 0x84, 0x1c, 0x24, 0x24, 0x1c, 0xb8, 0xfe,
	0xf8, 0x00, 0x00, 0x01, 0x01, 0x00, 0xff, 0x68, 0x06, 0x00, 0x06, 0x98,
	0x00, 0x15, 0x00, 0x00, 0x05, 0x11, 0x34, 0x33, 0x33, 0x32, 0x15, 0x11,
	0x01, 0x36, 0x16, 0x15, 0x11, 0x14, 0x06, 0x27, 0x01, 0x11, 0x14, 0x23,
	0x23, 0x22, 0x01, 0x00, 0x30, 0xc0, 0x30, 0x03, 0x10, 0x3c, 0x94, 0x94,
	0x3c, 0xfc, 0xf0, 0x30, 0xc0, 0x30, 0x50, 0x06, 0xa0, 0x30, 0x30, 0xfd,
	0x40, 0x02, 0xd4, 0x34, 0x48, 0x50, 0xfa, 0x00, 0x50, 0x48, 0x34, 0x02,
	0xd0, 0xfd, 0x44, 0x30, 0x00, 0x01, 0x00, 0x00, 0xfe, 0xe4, 0x07, 0x00,
	0x07, 0x1c, 0x00, 0x0b, 0x00, 0x00, 0x01, 0x16, 0x14, 0x07, 0x01, 0x06,
	0x26, 0x35, 0x11, 0x34, 0x36, 0x17, 0x06, 0xa0, 0x60, 0x60, 0xfa, 0x80,
	0x5c, 0xc4, 0xcc, 0x54, 0x03, 0xa4, 0x38, 0xd8, 0x38, 0xfc, 0xc0, 0x38,
	0x6c, 0x70, 0x06, 0x80, 0x78, 0x64, 0x38, 0x00, 0x00, 0x02, 0x00, 0x00,
	0xff, 0x84, 0x07, 0x00, 0x06, 0x84, 0x00, 0x0f, 0x00, 0x1f, 0x00, 0x00,
	0x05, 0x21, 0x22, 0x26, 0x35, 0x11, 0x34, 0x36, 0x33, 0x21, 0x32, 0x16,
	0x15, 0x11, 0x14, 0x06, 0x25, 0x14, 0x06, 0x23, 0x21, 0x22, 0x26, 0x35,
	0x11, 0x34, 0x36, 0x33, 0x21, 0x32, 0x16, 0x15, 0x02, 0x40, 0xfe, 0x80,
	0x50, 0x70, 0x70, 0x50, 0x01, 0x80, 0x50, 0x70, 0x70, 0x04, 0x70, 0x70,
	0x50, 0xfe, 0x80, 0x50, 0x70, 0x70, 0x50, 0x01, 0x80, 0x50, 0x70, 0x7c,
	0x70, 0x50, 0x05, 0x80, 0x50, 0x70, 0x70, 0x50, 0xfa, 0x80, 0x50, 0x70,
	0xc0, 0x50, 0x70, 0x70, 0x50, 0x05, 0x80, 0x50, 0x70, 0x70, 0x50, 0x00,
	0x00, 0x01, 0x00, 0x00, 0xff, 0x80, 0x07, 0x00, 0x06, 0x80, 0x00, 0x0f,
	0x00, 0x00, 0x01, 0x32, 0x16, 0x15, 0x11, 0x14, 0x06, 0x23, 0x21, 0x22,
	0x26, 0x35, 0x11, 0x34, 0x36, 0x33, 0x06, 0x40, 0x50, 0x70, 0x70, 0x50,
	0xfa, 0x80, 0x50, 0x70, 0x70, 0x50, 0x06, 0x80, 0x70, 0x50, 0xfa, 0x80,
	0x50, 0x70, 0x70, 0x50, 0x05, 0x80, 0x50, 0x70, 0x00, 0x01, 0x01, 0x00,
	0xff, 0x68, 0x06, 0x00, 0x06, 0x98, 0x00, 0x15, 0x00, 0x00, 0x01, 0x11,
	0x14, 0x23, 0x23, 0x22, 0x35, 0x11, 0x01, 0x06, 0x26, 0x35, 0x11, 0x34,
	0x36, 0x17, 0x01, 0x11, 0x34, 0x33, 0x33, 0x32, 0x06, 0x00, 0x30, 0xc0,
	0x30, 0xfc, 0xf0, 0x3c, 0x94, 0x94, 0x3c, 0x03, 0x10, 0x30, 0xc0, 0x30,
	0x06, 0x50, 0xf9, 0x60, 0x30, 0x30, 0x02, 0xc0, 0xfd, 0x2c, 0x34, 0x48,
	0x50, 0x06, 0x00, 0x50, 0x48, 0x34, 0xfd, 0x30, 0x02, 0xbc, 0x30, 0x00,
	0x00, 0x02, 0xff, 0xe0, 0xff, 0x80, 0x07, 0x20, 0x06, 0x80, 0x00, 0x0f,
	0x00, 0x1b, 0x00, 0x00, 0x01, 0x11, 0x14, 0x06, 0x23, 0x21, 0x22, 0x26,
	0x35, 0x11, 0x34, 0x36, 0x33, 0x21, 0x32, 0x16, 0x25, 0x22, 0x26, 0x37,
	0x01, 0x36, 0x32, 0x17, 0x01, 0x16, 0x06, 0x23, 0x07, 0x00, 0x4c, 0x34,
	0xfa, 0x00, 0x34, 0x4c, 0x4c, 0x34, 0x06, 0x00, 0x34, 0x4c, 0xf9, 0xc0,
	0x7c, 0x64, 0x54, 0x02, 0xc0, 0x38, 0xa8, 0x38, 0x02, 0xc0, 0x54, 0x64,
	0x7c, 0x01, 0x00, 0xff, 0x00, 0x34, 0x4c, 0x4c, 0x34, 0x01, 0x00, 0x34,
	0x4c, 0x4c, 0xcc, 0xe4, 0x5c, 0x03, 0x00, 0x40, 0x40, 0xfd, 0x00, 0x5c,
	0xe4, 0x00, 0x00, 0x01, 0x00, 0x6c, 0xff, 0x98, 0x04, 0x94, 0x06, 0x68,
	0x00, 0x14, 0x00, 0x00, 0x13, 0x01, 0x36, 0x32, 0x17, 0x17, 0x16, 0x16,
	0x07, 0x01, 0x01, 0x16, 0x06, 0x07, 0x07, 0x06, 0x22, 0x27, 0x01, 0x26,
	0x34, 0x8c, 0x03, 0x08, 0x1c, 0x50, 0x1c, 0x58, 0x1c, 0x04, 0x1c, 0xfd,
	0x94, 0x02, 0x6c, 0x1c, 0x04, 0x1c, 0x58, 0x1c, 0x50, 0x1c, 0xfc, 0xf8,
	0x20, 0x03, 0x44, 0x03, 0x08, 0x1c, 0x1c, 0x58, 0x1c, 0x50, 0x1c, 0xfd,
	0x94, 0xfd, 0x94, 0x1c, 0x50, 0x1c, 0x58, 0x1c, 0x1c, 0x03, 0x08, 0x1c,
	0x50, 0x00, 0x00, 0x01, 0x00, 0x6c, 0xff, 0x98, 0x04, 0x94, 0x06, 0x68,
	0x00, 0x14, 0x00, 0x00, 0x01, 0x01, 0x06, 0x22, 0x27, 0x27, 0x26, 0x26,
	0x37, 0x01, 0x01, 0x26, 0x36, 0x37, 0x37, 0x36, 0x32, 0x17, 0x01, 0x16,
	0x14, 0x04, 0x74, 0xfc, 0xf8, 0x1c, 0x50, 0x1c, 0x58, 0x1c, 0x04, 0x1c,
	0x02, 0x6c, 0xfd, 0x94, 0x1c, 0x04, 0x1c, 0x58, 0x1c, 0x50, 0x1c, 0x03,
	0x08, 0x20, 0x02, 0xbc, 0xfc, 0xf8, 0x1c, 0x1c, 0x58, 0x1c, 0x50, 0x1c,
	0x02, 0x6c, 0x02, 0x6c, 0x1c, 0x50, 0x1c, 0x58, 0x1c, 0x1c, 0xfc, 0xf8,
	0x1c, 0x50, 0x00, 0x01, 0x00, 0x00, 0xff, 0x80, 0x07, 0x00, 0x06, 0x80,
	0x00, 0x23, 0x00, 0x00, 0x01, 0x32, 0x16, 0x15, 0x15, 0x14, 0x06, 0x23,
	0x21, 0x11, 0x14, 0x06, 0x23, 0x23, 0x22, 0x26, 0x35, 0x11, 0x21, 0x22,
	0x26, 0x35, 0x35, 0x34, 0x36, 0x33, 0x21, 0x11, 0x34, 0x36, 0x33, 0x33,
	0x32, 0x16, 0x15, 0x11, 0x06, 0x80, 0x34, 0x4c, 0x4c, 0x34, 0xfd, 0xc0,
	0x4c, 0x34, 0x80, 0x34, 0x4c, 0xfd, 0xc0, 0x34, 0x4c, 0x4c, 0x34, 0x02,
	0x40, 0x4c, 0x34, 0x80, 0x34, 0x4c, 0x03, 0xc0, 0x4c, 0x34, 0x80, 0x34,
	0x4c, 0xfd, 0xc0, 0x34, 0x4c, 0x4c, 0x34, 0x02, 0x40, 0x4c, 0x34, 0x80,
	0x34, 0x4c, 0x02, 0x40, 0x34, 0x4c, 0x4c, 0x34, 0xfd, 0xc0, 0x00, 0x01,
	0x00, 0x00, 0x02, 0x40, 0x07, 0x00, 0x03, 0xc0, 0x00, 0x0f, 0x00, 0x00,
	0x01, 0x32, 0x16, 0x15, 0x15, 0x14, 0x06, 0x23, 0x21, 0x22, 0x26, 0x35,
	0x35, 0x34, 0x36, 0x33, 0x06, 0x80, 0x34, 0x4c, 0x4c, 0x34, 0xfa, 0x00,
	0x34, 0x4c, 0x4c, 0x34, 0x03, 0xc0, 0x4c, 0x34, 0x80, 0x34, 0x4c, 0x4c,
	0x34, 0x80, 0x34, 0x4c, 0x00, 0x03, 0x00, 0x00, 0x00, 0x00, 0x09, 0x00,
	0x06, 0x00, 0x00, 0x11, 0x00, 0x1b, 0x00, 0x2d, 0x00, 0x00, 0x01, 0x16,
	0x14, 0x07, 0x02, 0x00, 0x21, 0x22, 0x24, 0x00, 0x27, 0x26, 0x34, 0x37,
	0x12, 0x00, 0x20, 0x00, 0x01, 0x32, 0x00, 0x35, 0x34, 0x00, 0x20, 0x00,
	0x10, 0x00, 0x13, 0x32, 0x16, 0x10, 0x06, 0x20, 0x26, 0x35, 0x34, 0x37,
	0x16, 0x33, 0x32, 0x36, 0x35, 0x34, 0x27, 0x36, 0x08, 0xf4, 0x0c, 0x0c,
	0xa8, 0xfd, 0xa0, 0xfe, 0x94, 0xf0, 0xfe, 0x44, 0xfe, 0xa8, 0x70, 0x0c,
	0x0c, 0xa8, 0x02, 0x60, 0x02, 0xd8, 0x02, 0x60, 0xfc, 0x34, 0xf0, 0x01,
	0x50, 0xfe, 0xb0, 0xfe, 0x20, 0xfe, 0xb0, 0x01, 0x50, 0xf0, 0xa0, 0xe0,
	0xe0, 0xfe, 0xc4, 0xe4, 0x10, 0x30, 0x40, 0x50, 0x70, 0x24, 0x30, 0x03,
	0x3c, 0x1c, 0x40, 0x1c, 0xfe, 0xc0, 0xfe, 0x7c, 0xb4, 0x01, 0x3c, 0xd4,
	0x1c, 0x40, 0x1c, 0x01, 0x40, 0x01, 0x84, 0xfe, 0x7c, 0xfc, 0x44, 0x01,
	0x50, 0xf0, 0xf0, 0x01, 0x50, 0xfe, 0xb0, 0xfe, 0x20, 0xfe, 0xb0, 0x03,
	0xc0, 0xe0, 0xfe, 0xc4, 0xe4, 0xe4, 0x9c, 0x34, 0x30, 0x24, 0x70, 0x50,
	0x40, 0x30, 0x10, 0x00, 0x00, 0x03, 0x00, 0x00, 0xff, 0x00, 0x0a, 0x00,
	0x07, 0x00, 0x00, 0x11, 0x00, 0x33, 0x00, 0x4a, 0x00, 0x00, 0x25, 0x32,
	0x37, 0x17, 0x06, 0x23, 0x20, 0x00, 0x03, 0x26, 0x34, 0x37, 0x36, 0x37,
	0x01, 0x16, 0x16, 0x04, 0x05, 0x16, 0x15, 0x14, 0x07, 0x07, 0x06, 0x23,
	0x22, 0x27, 0x01, 0x26, 0x35, 0x34, 0x37, 0x37, 0x36, 0x33, 0x32, 0x17,
	0x01, 0x3e, 0x02, 0x33, 0x20, 0x00, 0x13, 0x16, 0x14, 0x07, 0x06, 0x06,
	0x07, 0x25, 0x36, 0x35, 0x34, 0x00, 0x23, 0x22, 0x06, 0x07, 0x05, 0x36,
	0x35, 0x34, 0x27, 0x36, 0x33, 0x32, 0x16, 0x15, 0x30, 0x15, 0x14, 0x07,
	0x05, 0x00, 0x34, 0x34, 0xd0, 0xa4, 0x94, 0xfe, 0x94, 0xfd, 0xa0, 0xa8,
	0x0c, 0x0c, 0x38, 0x5c, 0x01, 0xa4, 0x0c, 0x9c, 0x01, 0x00, 0x05, 0x7c,
	0x18, 0x0c, 0x50, 0x14, 0x20, 0x14, 0x10, 0xf6, 0xcc, 0x18, 0x0c, 0x50,
	0x14, 0x20, 0x14, 0x10, 0x02, 0x00, 0x48, 0xd4, 0xdc, 0x54, 0x01, 0x6c,
	0x02, 0x60, 0xa8, 0x0c, 0x0c, 0x34, 0xc0, 0x54, 0xfe, 0xdc, 0x38, 0xfe,
	0xb0, 0xf0, 0x54, 0xd8, 0x40, 0x01, 0x24, 0x08, 0x24, 0x34, 0x34, 0x9c,
	0xe0, 0x14, 0xc0, 0x0c, 0xa4, 0x28, 0x01, 0x84, 0x01, 0x40, 0x1c, 0x40,
	0x1c, 0x68, 0x74, 0xfe, 0xbc, 0x94, 0xf4, 0x8c, 0xe8, 0x14, 0x20, 0x14,
	0x14, 0x64, 0x18, 0x0c, 0x07, 0x1c, 0x14, 0x20, 0x14, 0x14, 0x64, 0x18,
	0x0c, 0xfe, 0x74, 0x2c, 0x44, 0x28, 0xfe, 0x7c, 0xfe, 0xc0, 0x1c, 0x40,
	0x1c, 0x60, 0xf0, 0x48, 0xe4, 0x74, 0x7c, 0xf0, 0x01, 0x50, 0x4c, 0x38,
	0xe4, 0x14, 0x14, 0x40, 0x30, 0x10, 0xe0, 0x9c, 0x04, 0x3c, 0x3c, 0x00,
	0x00, 0x03, 0xff, 0xe4, 0xff, 0x00, 0x09, 0x1c, 0x07, 0x00, 0x00, 0x0b,
	0x00, 0x13, 0x00, 0x21, 0x00, 0x00, 0x25, 0x16, 0x06, 0x23, 0x21, 0x22,
	0x26, 0x37, 0x01, 0x36, 0x32, 0x17, 0x02, 0x22, 0x06, 0x14, 0x16, 0x32,
	0x36, 0x34, 0x01, 0x13, 0x14, 0x33, 0x33, 0x32, 0x35, 0x13, 0x34, 0x26,
	0x23, 0x21, 0x22, 0x06, 0x08, 0xe8, 0x34, 0x6c, 0x70, 0xf8, 0x80, 0x70,
	0x6c, 0x34, 0x03, 0xc0, 0x38, 0xe0, 0x38, 0x5c, 0x98, 0x6c, 0x6c, 0x98,
	0x6c, 0xfe, 0x98, 0x20, 0x30, 0xc0, 0x30, 0x20, 0x1c, 0x14, 0xff, 0x00,
	0x14, 0x1c, 0x20, 0x60, 0xc0, 0xc0, 0x60, 0x06, 0x80, 0x60, 0x60, 0xfa,
	0xd8, 0x6c, 0x98, 0x6c, 0x6c, 0x98, 0x03, 0x00, 0xfd, 0xe0, 0x2c, 0x2c,
	0x02, 0x20, 0x18, 0x1c, 0x1c, 0x00, 0x00, 0x03, 0x00, 0x00, 0xff, 0x70,
	0x08, 0x00, 0x06, 0x90, 0x00, 0x13, 0x00, 0x1f, 0x00, 0x3b, 0x00, 0x00,
	0x01, 0x16, 0x14, 0x07, 0x01, 0x06, 0x26, 0x35, 0x35, 0x23, 0x22, 0x27,
	0x01, 0x37, 0x17, 0x33, 0x35, 0x34, 0x36, 0x17, 0x01, 0x22, 0x35, 0x35,
	0x34, 0x33, 0x21, 0x32, 0x17, 0x01, 0x07, 0x27, 0x21, 0x23, 0x01, 0x06,
	0x23, 0x21, 0x22, 0x35, 0x35, 0x34, 0x33, 0x21, 0x01, 0x36, 0x33, 0x33,
	0x35, 0x34, 0x36, 0x17, 0x01, 0x16, 0x14, 0x07, 0x01, 0x06, 0x26, 0x35,
	0x07, 0xe4, 0x1c, 0x1c, 0xfe, 0xc0, 0x2c, 0x78, 0xec, 0x14, 0x10, 0xfe,
	0xe8, 0xd4, 0xd4, 0x80, 0x78, 0x2c, 0xf9, 0x8c, 0x30, 0x30, 0x01, 0xbc,
	0x14, 0x10, 0x01, 0x18, 0xd4, 0xd4, 0x04, 0x80, 0x80, 0xfc, 0x90, 0x10,
	0x14, 0xfe, 0x44, 0x30, 0x30, 0x01, 0x50, 0x03, 0x70, 0x10, 0x14, 0xec,
	0x78, 0x2c, 0x01, 0x40, 0x1c, 0x1c, 0xfe, 0xc0, 0x2c, 0x78, 0x01, 0x64,
	0x1c, 0x50, 0x1c, 0xfe, 0xc0, 0x2c, 0x30, 0x40, 0xa0, 0x10, 0x01, 0x2c,
	0xe8, 0xe4, 0xa0, 0x40, 0x30, 0x2c, 0x01, 0x9c, 0x30, 0xe0, 0x30, 0x10,
	0xfe, 0xd4, 0xe8, 0xe4, 0xfc, 0x50, 0x10, 0x30, 0xe0, 0x30, 0x03, 0xb0,
	0x10, 0xa0, 0x40, 0x30, 0x2c, 0xfe, 0xc0, 0x1c, 0x50, 0x1c, 0xfe, 0xc0,
	0x2c, 0x30, 0x40, 0x00, 0x00, 0x01, 0x00, 0x18, 0x00, 0xec, 0x06, 0xe8,
	0x05, 0x14, 0x00, 0x14, 0x00, 0x00, 0x01, 0x01, 0x16, 0x14, 0x07, 0x07,
	0x06, 0x06, 0x27, 0x01, 0x01, 0x06, 0x26, 0x27, 0x27, 0x26, 0x34, 0x37,
	0x01, 0x36, 0x32, 0x03, 0xc4, 0x03, 0x08, 0x1c, 0x1c, 0x58, 0x1c, 0x50,
	0x1c, 0xfd, 0x94, 0xfd, 0x94, 0x1c, 0x50, 0x1c, 0x58, 0x1c, 0x1c, 0x03,
	0x08, 0x1c, 0x50, 0x04, 0xf4, 0xfc, 0xf8, 0x1c, 0x50, 0x1c, 0x58, 0x1c,
	0x04, 0x1c, 0x02, 0x6c, 0xfd, 0x94, 0x1c, 0x04, 0x1c, 0x58, 0x1c, 0x50,
	0x1c, 0x03, 0x08, 0x20, 0x00, 0x01, 0x00, 0x18, 0x00, 0xec, 0x06, 0xe8,
	0x05, 0x14, 0x00, 0x14, 0x00, 0x00, 0x01, 0x01, 0x26, 0x34, 0x37, 0x37,
	0x36, 0x36, 0x17, 0x01, 0x01, 0x36, 0x16, 0x17, 0x17, 0x16, 0x14, 0x07,
	0x01, 0x06, 0x22, 0x03, 0x3c, 0xfc, 0xf8, 0x1c, 0x1c, 0x58, 0x1c, 0x50,
	0x1c, 0x02, 0x6c, 0x02, 0x6c, 0x1c, 0x50, 0x1c, 0x58, 0x1c, 0x1c, 0xfc,
	0xf8, 0x1c, 0x50, 0x01, 0x0c, 0x03, 0x08, 0x1c, 0x50, 0x1c, 0x58, 0x1c,
	0x04, 0x1c, 0xfd, 0x94, 0x02, 0x6c, 0x1c, 0x04, 0x1c, 0x58, 0x1c, 0x50,
	0x1c, 0xfc, 0xf8, 0x20, 0x00, 0x02, 0x00, 0x0c, 0xff, 0xf4, 0x09, 0xf4,
	0x06, 0x0c, 0x00, 0x21, 0x00, 0x43, 0x00, 0x00, 0x01, 0x01, 0x06, 0x22,
	0x27, 0x01, 0x26, 0x34, 0x37, 0x37, 0x36, 0x32, 0x17, 0x17, 0x11, 0x21,
	0x22, 0x27, 0x27, 0x26, 0x36, 0x33, 0x21, 0x32, 0x16, 0x15, 0x11, 0x37,
	0x36, 0x32, 0x17, 0x17, 0x16, 0x14, 0x05, 0x17, 0x16, 0x06, 0x23, 0x21,
	0x22, 0x26, 0x35, 0x11, 0x07, 0x06, 0x22, 0x27, 0x27, 0x26, 0x34, 0x37,
	0x01, 0x36, 0x32, 0x17, 0x01, 0x16, 0x14, 0x07, 0x07, 0x06, 0x22, 0x27,
	0x27, 0x11, 0x21, 0x32, 0x09, 0xd8, 0xfe, 0x6c, 0x1c, 0x50, 0x1c, 0xfe,
	0x6c, 0x1c, 0x1c, 0x2c, 0x1c, 0x54, 0x1c, 0xa0, 0xfd, 0x10, 0x24, 0x20,
	0x40, 0x2c, 0x30, 0x40, 0x03, 0xd0, 0x28, 0x38, 0xa0, 0x1c, 0x54, 0x1c,
	0x2c, 0x1c, 0xfb, 0xc0, 0x40, 0x2c, 0x30, 0x40, 0xfc, 0x30, 0x28, 0x38,
	0xa0, 0x1c, 0x54, 0x1c, 0x2c, 0x1c, 0x1c, 0x01, 0x94, 0x1c, 0x50, 0x1c,
	0x01, 0x94, 0x1c, 0x1c, 0x2c, 0x1c, 0x54, 0x1c, 0xa0, 0x02, 0xf0, 0x24,
	0x01, 0xa0, 0xfe, 0x70, 0x1c, 0x1c, 0x01, 0x90, 0x1c, 0x50, 0x1c, 0x2c,
	0x1c, 0x1c, 0xac, 0x02, 0xd8, 0x1c, 0x40, 0x2c, 0x78, 0x38, 0x28, 0xfc,
	0x88, 0xac, 0x1c, 0x1c, 0x2c, 0x1c, 0x50, 0x58, 0x40, 0x2c, 0x78, 0x38,
	0x28, 0x03, 0x78, 0xac, 0x1c, 0x1c, 0x2c, 0x1c, 0x50, 0x1c, 0x01, 0x90,
	0x1c, 0x1c, 0xfe, 0x70, 0x1c, 0x50, 0x1c, 0x2c, 0x1c, 0x1c, 0xac, 0xfd,
	0x28, 0x00, 0x00, 0x01, 0x00, 0x00, 0x00, 0x00, 0x08, 0x00, 0x06, 0x00,
	0x00, 0x11, 0x00, 0x00, 0x01, 0x32, 0x16, 0x15, 0x11, 0x14, 0x06, 0x23,
	0x21, 0x22, 0x26, 0x35, 0x11, 0x34, 0x36, 0x33, 0x21, 0x01, 0x07, 0x40,
	0x50, 0x70, 0x70, 0x50, 0xf9, 0x80, 0x50, 0x70, 0x70, 0x50, 0x02, 0x80,
	0x01, 0x00, 0x05, 0x00, 0x70, 0x50, 0xfc, 0x80, 0x50, 0x70, 0x70, 0x50,
	0x04, 0x80, 0x50, 0x70, 0xff, 0x00, 0x00, 0x04, 0x00, 0x00, 0xff, 0x00,
	0x08, 0x00, 0x07, 0x00, 0x00, 0x15, 0x00, 0x2f, 0x00, 0x37, 0x00, 0x3f,
	0x00, 0x00, 0x01, 0x21, 0x22, 0x26, 0x35, 0x11, 0x21, 0x22, 0x26, 0x37,
	0x01, 0x36, 0x32, 0x17, 0x01, 0x16, 0x06, 0x23, 0x21, 0x11, 0x14, 0x06,
	0x25, 0x11, 0x14, 0x06, 0x23, 0x21, 0x22, 0x26, 0x35, 0x11, 0x34, 0x36,
	0x33, 0x21, 0x15, 0x14, 0x16, 0x33, 0x21, 0x32, 0x36, 0x35, 0x35, 0x21,
	0x32, 0x16, 0x00, 0x34, 0x26, 0x22, 0x06, 0x14, 0x16, 0x32, 0x24, 0x34,
	0x26, 0x22, 0x06, 0x14, 0x16, 0x32, 0x04, 0xa0, 0xfe, 0xc0, 0x28, 0x38,
	0xfe, 0xa0, 0x34, 0x28, 0x24, 0x02, 0x60, 0x18, 0x40, 0x18, 0x02, 0x60,
	0x24, 0x28, 0x34, 0xfe, 0xa0, 0x38, 0x03, 0x38, 0x38, 0x28, 0xf8, 0xc0,
	0x28, 0x38, 0x38, 0x28, 0x02, 0x20, 0x84, 0x5c, 0x01, 0x40, 0x5c, 0x84,
	0x02, 0x20, 0x28, 0x38, 0xfe, 0x10, 0x30, 0x40, 0x30, 0x30, 0x40, 0x01,
	0x30, 0x30, 0x40, 0x30, 0x30, 0x40, 0x01, 0x00, 0x38, 0x28, 0x02, 0xa0,
	0x64, 0x24, 0x02, 0x60, 0x18, 0x18, 0xfd, 0xa0, 0x24, 0x64, 0xfd, 0x60,
	0x28, 0x38, 0x20, 0xfe, 0x40, 0x28, 0x38, 0x38, 0x28, 0x01, 0xc0, 0x28,
	0x38, 0x20, 0x5c, 0x84, 0x84, 0x5c, 0x20, 0x38, 0xfe, 0x58, 0x40, 0x30,
	0x30, 0x40, 0x30, 0x30, 0x40, 0x30, 0x30, 0x40, 0x30, 0x00, 0x00, 0x01,
	0xff, 0xf0, 0xff, 0x00, 0x08, 0x00, 0x07, 0x10, 0x00, 0x17, 0x00, 0x00,
	0x01, 0x16, 0x15, 0x10, 0x00, 0x21, 0x22, 0x27, 0x03, 0x26, 0x37, 0x25,
	0x36, 0x17, 0x17, 0x36, 0x00, 0x37, 0x27, 0x26, 0x37, 0x13, 0x36, 0x17,
	0x07, 0xb4, 0x4c, 0xfb, 0xc0, 0xfd, 0x00, 0x4c, 0x10, 0x60, 0x14, 0x4c,
	0x01, 0xc0, 0x40, 0x30, 0xc4, 0xec, 0x01, 0x6c, 0x6c, 0xf0, 0x38, 0x1c,
	0xc0, 0x20, 0x4c, 0x06, 0x9c, 0x10, 0x4c, 0xfd, 0x00, 0xfb, 0xc0, 0x4c,
	0x01, 0xa0, 0x4c, 0x20, 0xc0, 0x1c, 0x38, 0xf0, 0x6c, 0x01, 0x70, 0xe8,
	0xc8, 0x2c, 0x44, 0x01, 0xc0, 0x48, 0x14, 0x00, 0x00, 0x03, 0x00, 0x00,
	0xff, 0x80, 0x07, 0x14, 0x06, 0x80, 0x00, 0x27, 0x00, 0x2f, 0x00, 0x37,
	0x00, 0x00, 0x01, 0x01, 0x16, 0x07, 0x06, 0x20, 0x27, 0x01, 0x07, 0x16,
	0x15, 0x14, 0x06, 0x20, 0x26, 0x10, 0x36, 0x33, 0x32, 0x17, 0x37, 0x27,
	0x06, 0x23, 0x22, 0x26, 0x10, 0x36, 0x20, 0x16, 0x15, 0x14, 0x07, 0x17,
	0x01, 0x36, 0x20, 0x17, 0x16, 0x07, 0x00, 0x32, 0x36, 0x34, 0x26, 0x22,
	0x06, 0x14, 0x12, 0x32, 0x36, 0x34, 0x26, 0x22, 0x06, 0x14, 0x04, 0x58,
	0x02, 0x98, 0x24, 0x24, 0x60, 0xfe, 0xe8, 0x60, 0xfe, 0x30, 0x64, 0x1c,
	0xe0, 0xfe, 0xc0, 0xe0, 0xe0, 0xa0, 0x1c, 0x18, 0x84, 0x84, 0x18, 0x1c,
	0xa0, 0xe0, 0xe0, 0x01, 0x40, 0xe0, 0x1c, 0x64, 0x01, 0xd0, 0x60, 0x01,
	0x18, 0x60, 0x24, 0x24, 0xfa, 0x5c, 0x68, 0x4c, 0x4c, 0x68, 0x4c, 0x4c,
	0x68, 0x4c, 0x4c, 0x68, 0x4c, 0x03, 0x00, 0xfd, 0x68, 0x24, 0x20, 0x64,
	0x64, 0x01, 0xcc, 0x64, 0x44, 0x48, 0xa0, 0xe0, 0xe0, 0x01, 0x40, 0xe0,
	0x04, 0x84, 0x84, 0x04, 0xe0, 0x01, 0x40, 0xe0, 0xe0, 0xa0, 0x48, 0x44,
	0x64, 0x01, 0xcc, 0x64, 0x64, 0x20, 0x24, 0xfe, 0xe8, 0x4c, 0x68, 0x4c,
	0x4c, 0x68, 0xfb, 0xb4, 0x4c, 0x68, 0x4c, 0x4c, 0x68, 0x00, 0x00, 0x03,
	0x00, 0x00, 0xff, 0x00, 0x07, 0x00, 0x07, 0x00, 0x00, 0x11, 0x00, 0x23,
	0x00, 0x2c, 0x00, 0x00, 0x21, 0x15, 0x14, 0x06, 0x23, 0x21, 0x22, 0x26,
	0x35, 0x11, 0x34, 0x36, 0x33, 0x21, 0x11, 0x14, 0x16, 0x33, 0x01, 0x14,
	0x16, 0x33, 0x21, 0x11, 0x14, 0x06, 0x23, 0x21, 0x22, 0x26, 0x35, 0x11,
	0x34, 0x36, 0x33, 0x21, 0x01, 0x16, 0x15, 0x15, 0x21, 0x11, 0x33, 0x32,
	0x17, 0x05, 0x00, 0x38, 0x28, 0xfb, 0xc0, 0x28, 0x38, 0x38, 0x28, 0x01,
	0x20, 0x84, 0x5c, 0x02, 0xa0, 0x38, 0x28, 0x01, 0xa0, 0x38, 0x28, 0xfb,
	0xc0, 0x28, 0x38, 0x38, 0x28, 0x02, 0xa0, 0x01, 0xe4, 0x1c, 0xfe, 0x80,
	0x18, 0x28, 0x1c, 0xa0, 0x28, 0x38, 0x38, 0x28, 0x05, 0xc0, 0x28, 0x38,
	0xfb, 0x60, 0x5c, 0x84, 0x05, 0x60, 0x28, 0x38, 0xfb, 0xe0, 0x28, 0x38,
	0x38, 0x28, 0x05, 0xc0, 0x28, 0x38, 0xfe, 0xdc, 0x1c, 0x28, 0x18, 0x01,
	0x80, 0x1c, 0x00, 0x03, 0x00, 0x00, 0xff, 0x80, 0x07, 0x00, 0x06, 0x80,
	0x00, 0x11, 0x00, 0x19, 0x00, 0x28, 0x00, 0x00, 0x01, 0x16, 0x15, 0x11,
	0x14, 0x06, 0x23, 0x21, 0x22, 0x26, 0x35, 0x11, 0x34, 0x36, 0x33, 0x21,
	0x32, 0x17, 0x00, 0x32, 0x36, 0x34, 0x26, 0x22, 0x06, 0x14, 0x01, 0x34,
	0x27, 0x27, 0x26, 0x23, 0x21, 0x22, 0x15, 0x11, 0x14, 0x33, 0x21, 0x32,
	0x35, 0x06, 0xc8, 0x38, 0x70, 0x50, 0xfa, 0x80, 0x50, 0x70, 0x70, 0x50,
	0x04, 0x30, 0x50, 0x38, 0xfd, 0x9c, 0xd8, 0x94, 0x94, 0xd8, 0x94, 0x02,
	0x80, 0x10, 0x0c, 0x10, 0x10, 0xfc, 0x6c, 0x30, 0x30, 0x03, 0xa0, 0x30,
	0x04, 0xf8, 0x38, 0x50, 0xfb, 0xd0, 0x50, 0x70, 0x70, 0x50, 0x05, 0x80,
	0x50, 0x70, 0x38, 0xfa, 0x38, 0x94, 0xd8, 0x94, 0x94, 0xd8, 0x04, 0x30,
	0x10, 0x10, 0x0c, 0x10, 0x30, 0xfe, 0x60, 0x30, 0x30, 0x00, 0x00, 0x03,
	0x00, 0x00, 0xff, 0xf0, 0x07, 0x00, 0x06, 0x10, 0x00, 0x0f, 0x00, 0x1f,
	0x00, 0x2f, 0x00, 0x00, 0x13, 0x22, 0x26, 0x35, 0x35, 0x34, 0x36, 0x33,
	0x21, 0x32, 0x16, 0x15, 0x15, 0x14, 0x06, 0x23, 0x01, 0x22, 0x26, 0x35,
	0x35, 0x34, 0x36, 0x33, 0x21, 0x32, 0x16, 0x15, 0x15, 0x14, 0x06, 0x23,
	0x01, 0x22, 0x26, 0x35, 0x35, 0x34, 0x36, 0x33, 0x21, 0x32, 0x16, 0x15,
	0x15, 0x14, 0x06, 0x23, 0x40, 0x1c, 0x24, 0x24, 0x1c, 0x06, 0x80, 0x1c,
	0x24, 0x24, 0x1c, 0xf9, 0x80, 0x1c, 0x24, 0x24, 0x1c, 0x06, 0x80, 0x1c,
	0x24, 0x24, 0x1c, 0xf9, 0x80, 0x1c, 0x24, 0x24, 0x1c, 0x06, 0x80, 0x1c,
	0x24, 0x24, 0x1c, 0x04, 0xf0, 0x24, 0x1c, 0xa0, 0x1c, 0x24, 0x24, 0x1c,
	0xa0, 0x1c, 0x24, 0xfd, 0x80, 0x24, 0x1c, 0xa0, 0x1c, 0x24, 0x24, 0x1c,
	0xa0, 0x1c, 0x24, 0xfd, 0x80, 0x24, 0x1c, 0xa0, 0x1c, 0x24, 0x24, 0x1c,
	0xa0, 0x1c, 0x24, 0x00, 0x00, 0x02, 0x00, 0x00, 0x00, 0x00, 0x08, 0x00,
	0x06, 0x00, 0x00, 0x1f, 0x00, 0x3a, 0x00, 0x00, 0x01, 0x36, 0x16, 0x15,
	0x11, 0x14, 0x06, 0x23, 0x21, 0x22, 0x26, 0x35, 0x11, 0x34, 0x36, 0x17,
	0x16, 0x01, 0x1e, 0x04, 0x33, 0x32, 0x3e, 0x04, 0x37, 0x00, 0x01, 0x22,
	0x2e, 0x02, 0x23, 0x00, 0x27, 0x26, 0x35, 0x35, 0x34, 0x36, 0x33, 0x21,
	0x32, 0x16, 0x15, 0x15, 0x14, 0x07, 0x06, 0x01, 0x22, 0x0e, 0x02, 0x07,
	0xd8, 0x0c, 0x1c, 0x70, 0x50, 0xf9, 0x80, 0x50, 0x70, 0x1c, 0x0c, 0x84,
	0x01, 0xe4, 0x08, 0x5c, 0x38, 0x58, 0x54, 0x28, 0x24, 0x48, 0x40, 0x48,
	0x30, 0x40, 0x0c, 0x01, 0xd8, 0xfc, 0xb8, 0x20, 0x5c, 0x38, 0x6c, 0x04,
	0xfe, 0x18, 0xd0, 0x24, 0x70, 0x50, 0x06, 0x80, 0x50, 0x70, 0x24, 0xc4,
	0xfe, 0x0c, 0x04, 0x6c, 0x38, 0x5c, 0x04, 0x04, 0x0c, 0x10, 0x10, 0xfc,
	0xd0, 0x50, 0x70, 0x70, 0x50, 0x03, 0x30, 0x10, 0x0c, 0x08, 0x64, 0xfe,
	0xa0, 0x08, 0x48, 0x24, 0x34, 0x18, 0x14, 0x1c, 0x30, 0x24, 0x30, 0x0c,
	0x01, 0x54, 0xfe, 0x6c, 0x2c, 0x24, 0x54, 0x01, 0x64, 0xa0, 0x1c, 0x30,
	0x4c, 0x50, 0x70, 0x70, 0x50, 0x4c, 0x30, 0x1c, 0x98, 0xfe, 0x94, 0x54,
	0x24, 0x2c, 0x00, 0x01, 0xff, 0xfc, 0xff, 0x00, 0x05, 0x10, 0x07, 0x00,
	0x00, 0x19, 0x00, 0x00, 0x01, 0x32, 0x16, 0x07, 0x01, 0x06, 0x23, 0x22,
	0x26, 0x37, 0x13, 0x21, 0x22, 0x26, 0x26, 0x37, 0x13, 0x3e, 0x02, 0x33,
	0x21, 0x32, 0x16, 0x07, 0x03, 0x04, 0xa0, 0x38, 0x38, 0x1c, 0xfd, 0x40,
	0x1c, 0x38, 0x30, 0x38, 0x0c, 0xb8, 0xfe, 0x24, 0x1c, 0x30, 0x18, 0x04,
	0x80, 0x04, 0x1c, 0x28, 0x18, 0x02, 0x40, 0x30, 0x38, 0x0c, 0xa8, 0x04,
	0x80, 0x60, 0x30, 0xfb, 0x40, 0x30, 0x48, 0x30, 0x03, 0x08, 0x20, 0x30,
	0x1c, 0x03, 0xc0, 0x18, 0x28, 0x14, 0x4c, 0x2c, 0xfd, 0xf8, 0x00, 0x04,
	0x00, 0x00, 0xff, 0x00, 0x07, 0x00, 0x07, 0x00, 0x00, 0x15, 0x00, 0x1d,
	0x00, 0x2f, 0x00, 0x38, 0x00, 0x00, 0x01, 0x11, 0x21, 0x22, 0x26, 0x35,
	0x11, 0x34, 0x36, 0x33, 0x21, 0x36, 0x20, 0x17, 0x21, 0x32, 0x16, 0x15,
	0x11, 0x21, 0x22, 0x06, 0x12, 0x22, 0x06, 0x14, 0x16, 0x32, 0x36, 0x34,
	0x01, 0x21, 0x11, 0x14, 0x06, 0x23, 0x21, 0x22, 0x26, 0x35, 0x11, 0x34,
	0x36, 0x33, 0x21, 0x11, 0x14, 0x16, 0x25, 0x15, 0x21, 0x11, 0x33, 0x32,
	0x17, 0x01, 0x16, 0x02, 0x00, 0xfe, 0x60, 0x28, 0x38, 0x38, 0x28, 0x01,
	0x44, 0x48, 0x01, 0x28, 0x48, 0x01, 0x44, 0x28, 0x38, 0xfd, 0xe0, 0x5c,
	0x84, 0xa8, 0x50, 0x38, 0x38, 0x50, 0x38, 0x02, 0x80, 0x01, 0xa0, 0x38,
	0x28, 0xfc, 0x40, 0x28, 0x38, 0x38, 0x28, 0x02, 0x20, 0x38, 0x01, 0xc8,
	0xfe, 0x80, 0x18, 0x28, 0x1c, 0x01, 0x08, 0x1c, 0x04, 0x20, 0xfc, 0x60,
	0x38, 0x28, 0x05, 0x40, 0x28, 0x38, 0x80, 0x80, 0x38, 0x28, 0xfe, 0xe0,
	0x84, 0x01, 0xe4, 0x38, 0x50, 0x38, 0x38, 0x50, 0xfc, 0x58, 0xfc, 0xe0,
	0x28, 0x38, 0x38, 0x28, 0x04, 0xc0, 0x28, 0x38, 0xfe, 0x60, 0x28, 0x38,
	0x98, 0x18, 0x01, 0x80, 0x1c, 0xfe, 0xf8, 0x1c, 0x00, 0x02, 0x00, 0x00,
	0xff, 0x00, 0x07, 0x00, 0x07, 0x00, 0x00, 0x05, 0x00, 0x2b, 0x00, 0x00,
	0x00, 0x22, 0x26, 0x35, 0x21, 0x14, 0x01, 0x16, 0x15, 0x14, 0x06, 0x23,
	0x21, 0x22, 0x26, 0x26, 0x35, 0x34, 0x37, 0x36, 0x37, 0x36, 0x36, 0x12,
	0x35, 0x34, 0x00, 0x37, 0x35, 0x34, 0x36, 0x32, 0x16, 0x15, 0x15, 0x16,
	0x16, 0x12, 0x15, 0x14, 0x12, 0x16, 0x17, 0x16, 0x03, 0xe8, 0xd0, 0x98,
	0x02, 0x00, 0x02, 0x5c, 0x24, 0x48, 0x38, 0xfa, 0x00, 0x24, 0x3c, 0x20,
	0x24, 0x04, 0x08, 0x3c, 0x44, 0x50, 0x01, 0x20, 0xe0, 0x4c, 0x68, 0x4c,
	0x94, 0xe8, 0x84, 0x50, 0x44, 0x3c, 0x08, 0xff, 0x00, 0x94, 0x6c, 0x6c,
	0x01, 0xc4, 0x28, 0x30, 0x34, 0x4c, 0x24, 0x3c, 0x20, 0x30, 0x28, 0x04,
	0x0c, 0x3c, 0x60, 0x01, 0x0c, 0xb0, 0xe8, 0x01, 0x58, 0x2c, 0x54, 0x34,
	0x4c, 0x4c, 0x34, 0x54, 0x1c, 0xb0, 0xfe, 0xf8, 0x98, 0xb0, 0xfe, 0xf4,
	0x60, 0x3c, 0x0c, 0x00, 0x00, 0x0d, 0x00, 0x00, 0x00, 0x00, 0x09, 0x00,
	0x06, 0x00, 0x00, 0x0f, 0x00, 0x1b, 0x00, 0x27, 0x00, 0x33, 0x00, 0x3f,
	0x00, 0x4b, 0x00, 0x57, 0x00, 0x63, 0x00, 0x6f, 0x00, 0x7b, 0x00, 0x87,
	0x00, 0x93, 0x00, 0x9f, 0x00, 0x00, 0x21, 0x21, 0x22, 0x26, 0x35, 0x11,
	0x34, 0x36, 0x33, 0x21, 0x32, 0x16, 0x15, 0x11, 0x14, 0x06, 0x01, 0x35,
	0x34, 0x23, 0x23, 0x22, 0x15, 0x15, 0x14, 0x33, 0x33, 0x32, 0x25, 0x35,
	0x34, 0x23, 0x23, 0x22, 0x15, 0x15, 0x14, 0x33, 0x33, 0x32, 0x25, 0x35,
	0x34, 0x23, 0x23, 0x22, 0x15, 0x15, 0x14, 0x33, 0x33, 0x32, 0x25, 0x35,
	0x34, 0x23, 0x23, 0x22, 0x15, 0x15, 0x14, 0x33, 0x33, 0x32, 0x25, 0x35,
	0x34, 0x23, 0x23, 0x22, 0x15, 0x15, 0x14, 0x33, 0x33, 0x32, 0x01, 0x35,
	0x34, 0x23, 0x23, 0x22, 0x15, 0x15, 0x14, 0x33, 0x33, 0x32, 0x25, 0x35,
	0x34, 0x23, 0x23, 0x22, 0x15, 0x15, 0x14, 0x33, 0x33, 0x32, 0x25, 0x35,
	0x34, 0x23, 0x23, 0x22, 0x15, 0x15, 0x14, 0x33, 0x33, 0x32, 0x25, 0x35,
	0x34, 0x23, 0x23, 0x22, 0x15, 0x15, 0x14, 0x33, 0x33, 0x32, 0x01, 0x35,
	0x34, 0x23, 0x23, 0x22, 0x15, 0x15, 0x14, 0x33, 0x33, 0x32, 0x25, 0x35,
	0x34, 0x23, 0x21, 0x22, 0x15, 0x15, 0x14, 0x33, 0x21, 0x32, 0x25, 0x35,
	0x34, 0x23, 0x23, 0x22, 0x15, 0x15, 0x14, 0x33, 0x33, 0x32, 0x08, 0x40,
	0xf8, 0x80, 0x50, 0x70, 0x70, 0x50, 0x07, 0x80, 0x50, 0x70, 0x70, 0xf9,
	0x70, 0x30, 0xa0, 0x30, 0x30, 0xa0, 0x30, 0x01, 0x80, 0x30, 0xa0, 0x30,
	0x30, 0xa0, 0x30, 0x01, 0x80, 0x30, 0xa0, 0x30, 0x30, 0xa0, 0x30, 0x01,
	0x80, 0x30, 0xa0, 0x30, 0x30, 0xa0, 0x30, 0x01, 0x80, 0x30, 0xa0, 0x30,
	0x30, 0xa0, 0x30, 0xfa, 0xc0, 0x30, 0xa0, 0x30, 0x30, 0xa0, 0x30, 0x01,
	0x80, 0x30, 0xa0, 0x30, 0x30, 0xa0, 0x30, 0x01, 0x80, 0x30, 0xa0, 0x30,
	0x30, 0xa0, 0x30, 0x01, 0x80, 0x30, 0xa0, 0x30, 0x30, 0xa0, 0x30, 0xfa,
	0xc0, 0x30, 0xa0, 0x30, 0x30, 0xa0, 0x30, 0x04, 0x80, 0x30, 0xfc, 0x60,
	0x30, 0x30, 0x03, 0xa0, 0x30, 0x01, 0x80, 0x30, 0xa0, 0x30, 0x30, 0xa0,
	0x30, 0x70, 0x50, 0x04, 0x80, 0x50, 0x70, 0x70, 0x50, 0xfb, 0x80, 0x50,
	0x70, 0x04, 0x30, 0xa0, 0x30, 0x30, 0xa0, 0x30, 0x30, 0xa0, 0x30, 0x30,
	0xa0, 0x30, 0x30, 0xa0, 0x30, 0x30, 0xa0, 0x30, 0x30, 0xa0, 0x30, 0x30,
	0xa0, 0x30, 0x30, 0xa0, 0x30, 0x30, 0xa0, 0x30, 0xfe, 0xb0, 0xa0, 0x30,
	0x30, 0xa0, 0x30, 0x30, 0xa0, 0x30, 0x30, 0xa0, 0x30, 0x30, 0xa0, 0x30,
	0x30, 0xa0, 0x30, 0x30, 0xa0, 0x30, 0x30, 0xa0, 0x30, 0xfe, 0xb0, 0xa0,
	0x30, 0x30, 0xa0, 0x30, 0x30, 0xa0, 0x30, 0x30, 0xa0, 0x30, 0x30, 0xa0,
	0x30, 0x30, 0xa0, 0x30, 0x00, 0x01, 0xff, 0xf0, 0xfe, 0xf8, 0x08, 0x20,
	0x07, 0x20, 0x00, 0x0f, 0x00, 0x00, 0x01, 0x36, 0x16, 0x07, 0x01, 0x06,
	0x06, 0x26, 0x26, 0x35, 0x11, 0x21, 0x22, 0x26, 0x36, 0x37, 0x06, 0xf4,
	0x70, 0xbc, 0x30, 0xfd, 0x04, 0x20, 0x80, 0x78, 0x5c, 0xfd, 0x40, 0x64,
	0x6c, 0x28, 0x5c, 0x06, 0xf0, 0x30, 0xbc, 0x70, 0xf9, 0x80, 0x44, 0x38,
	0x18, 0x68, 0x48, 0x02, 0xc0, 0x94, 0xb4, 0x2c, 0x00, 0x02, 0x00, 0x00,
	0xff, 0x80, 0x06, 0x00, 0x06, 0x80, 0x00, 0x29, 0x00, 0x32, 0x00, 0x00,
	0x01, 0x21, 0x15, 0x21, 0x32, 0x15, 0x15, 0x14, 0x23, 0x21, 0x15, 0x14,
	0x06, 0x23, 0x23, 0x22, 0x35, 0x35, 0x23, 0x22, 0x35, 0x35, 0x34, 0x33,
	0x33, 0x35, 0x23, 0x22, 0x35, 0x35, 0x34, 0x36, 0x33, 0x33, 0x11, 0x34,
	0x33, 0x21, 0x20, 0x00, 0x10, 0x00, 0x01, 0x11, 0x21, 0x32, 0x36, 0x35,
	0x34, 0x26, 0x23, 0x03, 0xbc, 0xfe, 0x90, 0x02, 0x84, 0x30, 0x30, 0xfd,
	0x7c, 0x1c, 0x14, 0xec, 0x30, 0xd0, 0x30, 0x30, 0xd0, 0xd0, 0x30, 0x1c,
	0x14, 0xd0, 0x30, 0x02, 0x8c, 0x01, 0x00, 0x01, 0x44, 0xfe, 0xbc, 0xfd,
	0x90, 0x01, 0x34, 0x90, 0xa0, 0xa0, 0x8c, 0x02, 0x00, 0x80, 0x30, 0xa0,
	0x30, 0xd0, 0x14, 0x1c, 0x30, 0xd0, 0x30, 0xa0, 0x30, 0x80, 0x30, 0xb4,
	0x14, 0x1c, 0x03, 0x3c, 0x30, 0xfe, 0xc4, 0xfe, 0x00, 0xfe, 0xbc, 0x03,
	0x6c, 0xfd, 0xa8, 0xa4, 0x8c, 0x88, 0xa0, 0x00, 0x00, 0x03, 0x00, 0x00,
	0xff, 0x80, 0x0a, 0x00, 0x06, 0xbc, 0x00, 0x12, 0x00, 0x1a, 0x00, 0x2c,
	0x00, 0x00, 0x01, 0x16, 0x14, 0x07, 0x07, 0x06, 0x27, 0x00, 0x20, 0x01,
	0x06, 0x27, 0x27, 0x26, 0x34, 0x37, 0x00, 0x24, 0x04, 0x00, 0x32, 0x16,
	0x14, 0x06, 0x22, 0x26, 0x34, 0x01, 0x16, 0x14, 0x07, 0x07, 0x06, 0x27,
	0x26, 0x20, 0x07, 0x06, 0x27, 0x27, 0x26, 0x34, 0x37, 0x00, 0x20, 0x09,
	0xec, 0x14, 0x14, 0x88, 0x2c, 0x2c, 0xfe, 0x48, 0xfb, 0x58, 0xfe, 0x48,
	0x2c, 0x2c, 0x88, 0x14, 0x14, 0x01, 0x5c, 0x03, 0x90, 0x03, 0x90, 0xfc,
	0x04, 0xd8, 0x94, 0x94, 0xd8, 0x94, 0x04, 0x2c, 0x14, 0x14, 0x88, 0x2c,
	0x2c, 0xfc, 0xfd, 0x60, 0xfc, 0x2c, 0x2c, 0x88, 0x14, 0x14, 0x01, 0x5c,
	0x03, 0xa0, 0x04, 0x94, 0x10, 0x38, 0x14, 0x88, 0x2c, 0x2c, 0x01, 0x90,
	0xfe, 0x70, 0x2c, 0x2c, 0x88, 0x14, 0x38, 0x10, 0x01, 0x44, 0xe4, 0xe4,
	0xfb, 0xa8, 0x94, 0xd8, 0x94, 0x94, 0xd8, 0x01, 0xe4, 0x14, 0x38, 0x14,
	0x88, 0x28, 0x28, 0xd8, 0xd8, 0x28, 0x28, 0x88, 0x14, 0x38, 0x14, 0x01,
	0x30, 0x00, 0x00, 0x03, 0x00, 0x00, 0x00, 0x80, 0x0a, 0x00, 0x05, 0x80,
	0x00, 0x07, 0x00, 0x21, 0x00, 0x25, 0x00, 0x00, 0x01, 0x21, 0x11, 0x21,
	0x11, 0x33, 0x11, 0x23, 0x13, 0x32, 0x16, 0x15, 0x15, 0x33, 0x32, 0x16,
	0x15, 0x11, 0x14, 0x06, 0x23, 0x23, 0x15, 0x14, 0x06, 0x23, 0x21, 0x22,
	0x26, 0x35, 0x11, 0x34, 0x36, 0x33, 0x01, 0x11, 0x21, 0x11, 0x08, 0x80,
	0xf8, 0x80, 0x07, 0x80, 0x80, 0x80, 0x40, 0x50, 0x70, 0x20, 0x28, 0x38,
	0x38, 0x28, 0x20, 0x70, 0x50, 0xf8, 0x00, 0x50, 0x70, 0x70, 0x50, 0x07,
	0x40, 0xf9, 0x80, 0x04, 0x80, 0xfd, 0x00, 0x01, 0x00, 0x01, 0x00, 0x02,
	0x00, 0x70, 0x50, 0x40, 0x38, 0x28, 0xfd, 0xc0, 0x28, 0x38, 0x40, 0x50,
	0x70, 0x70, 0x50, 0x03, 0x80, 0x50, 0x70, 0xfe, 0x80, 0xfe, 0x00, 0x02,
	0x00, 0x00, 0x00, 0x03, 0x00, 0x00, 0x00, 0x80, 0x0a, 0x00, 0x05, 0x80,
	0x00, 0x07, 0x00, 0x21, 0x00, 0x25, 0x00, 0x00, 0x01, 0x21, 0x11, 0x21,
	0x11, 0x33, 0x11, 0x23, 0x13, 0x32, 0x16, 0x15, 0x15, 0x33, 0x32, 0x16,
	0x15, 0x11, 0x14, 0x06, 0x23, 0x23, 0x15, 0x14, 0x06, 0x23, 0x21, 0x22,
	0x26, 0x35, 0x11, 0x34, 0x36, 0x33, 0x01, 0x11, 0x21, 0x11, 0x08, 0x80,
	0xf8, 0x80, 0x07, 0x80, 0x80, 0x80, 0x40, 0x50, 0x70, 0x20, 0x28, 0x38,
	0x38, 0x28, 0x20, 0x70, 0x50, 0xf8, 0x00, 0x50, 0x70, 0x70, 0x50, 0x05,
	0xc0, 0xfb, 0x00, 0x04, 0x80, 0xfd, 0x00, 0x01, 0x00, 0x01, 0x00, 0x02,
	0x00, 0x70, 0x50, 0x40, 0x38, 0x28, 0xfd, 0xc0, 0x28, 0x38, 0x40, 0x50,
	0x70, 0x70, 0x50, 0x03, 0x80, 0x50, 0x70, 0xfe, 0x80, 0xfe, 0x00, 0x02,
	0x00, 0x00, 0x00, 0x03, 0x00, 0x00, 0x00, 0x80, 0x0a, 0x00, 0x05, 0x80,
	0x00, 0x07, 0x00, 0x21, 0x00, 0x25, 0x00, 0x00, 0x01, 0x21, 0x11, 0x21,
	0x11, 0x33, 0x11, 0x23, 0x13, 0x32, 0x16, 0x15, 0x15, 0x33, 0x32, 0x16,
	0x15, 0x11, 0x14, 0x06, 0x23, 0x23, 0x15, 0x14, 0x06, 0x23, 0x21, 0x22,
	0x26, 0x35, 0x11, 0x34, 0x36, 0x33, 0x01, 0x11, 0x21, 0x11, 0x08, 0x80,
	0xf8, 0x80, 0x07, 0x80, 0x80, 0x80, 0x40, 0x50, 0x70, 0x20, 0x28, 0x38,
	0x38, 0x28, 0x20, 0x70, 0x50, 0xf8, 0x00, 0x50, 0x70, 0x70, 0x50, 0x04,
	0x40, 0xfc, 0x80, 0x04, 0x80, 0xfd, 0x00, 0x01, 0x00, 0x01, 0x00, 0x02,
	0x00, 0x70, 0x50, 0x40, 0x38, 0x28, 0xfd, 0xc0, 0x28, 0x38, 0x40, 0x50,
	0x70, 0x70, 0x50, 0x03, 0x80, 0x50, 0x70, 0xfe, 0x80, 0xfe, 0x00, 0x02,
	0x00, 0x00, 0x00, 0x03, 0x00, 0x00, 0x00, 0x80, 0x0a, 0x00, 0x05, 0x80,
	0x00, 0x07, 0x00, 0x21, 0x00, 0x25, 0x00, 0x00, 0x01, 0x21, 0x11, 0x21,
	0x11, 0x33, 0x11, 0x23, 0x13, 0x32, 0x16, 0x15, 0x15, 0x33, 0x32, 0x16,
	0x15, 0x11, 0x14, 0x06, 0x23, 0x23, 0x15, 0x14, 0x06, 0x23, 0x21, 0x22,
	0x26, 0x35, 0x11, 0x34, 0x36, 0x33, 0x01, 0x11, 0x21, 0x11, 0x08, 0x80,
	0xf8, 0x80, 0x07, 0x80, 0x80, 0x80, 0x40, 0x50, 0x70, 0x20, 0x28, 0x38,
	0x38, 0x28, 0x20, 0x70, 0x50, 0xf8, 0x00, 0x50, 0x70, 0x70, 0x50, 0x02,
	0xc0, 0xfe, 0x00, 0x04, 0x80, 0xfd, 0x00, 0x01, 0x00, 0x01, 0x00, 0x02,
	0x00, 0x70, 0x50, 0x40, 0x38, 0x28, 0xfd, 0xc0, 0x28, 0x38, 0x40, 0x50,
	0x70, 0x70, 0x50, 0x03, 0x80, 0x50, 0x70, 0xfe, 0x80, 0xfe, 0x00, 0x02,
	0x00, 0x00, 0x00, 0x02, 0x00, 0x00, 0x00, 0x80, 0x0a, 0x00, 0x05, 0x80,
	0x00, 0x07, 0x00, 0x21, 0x00, 0x00, 0x01, 0x21, 0x11, 0x21, 0x11, 0x33,
	0x11, 0x23, 0x13, 0x32, 0x16, 0x15, 0x15, 0x33, 0x32, 0x16, 0x15, 0x11,
	0x14, 0x06, 0x23, 0x23, 0x15, 0x14, 0x06, 0x23, 0x21, 0x22, 0x26, 0x35,
	0x11, 0x34, 0x36, 0x33, 0x08, 0x80, 0xf8, 0x80, 0x07, 0x80, 0x80, 0x80,
	0x40, 0x50, 0x70, 0x20, 0x28, 0x38, 0x38, 0x28, 0x20, 0x70, 0x50, 0xf8,
	0x00, 0x50, 0x70, 0x70, 0x50, 0x04, 0x80, 0xfd, 0x00, 0x01, 0x00, 0x01,
	0x00, 0x02, 0x00, 0x70, 0x50, 0x40, 0x38, 0x28, 0xfd, 0xc0, 0x28, 0x38,
	0x40, 0x50, 0x70, 0x70, 0x50, 0x03, 0x80, 0x50, 0x70, 0x00, 0x00, 0x01,
	0x00, 0x00, 0xff, 0xf0, 0x0a, 0x08, 0x06, 0x10, 0x00, 0x59, 0x00, 0x00,
	0x00, 0x14, 0x07, 0x05, 0x06, 0x23, 0x22, 0x27, 0x26, 0x35, 0x35, 0x21,
	0x1e, 0x02, 0x33, 0x33, 0x35, 0x34, 0x33, 0x21, 0x32, 0x15, 0x11, 0x14,
	0x23, 0x21, 0x22, 0x35, 0x35, 0x23, 0x22, 0x2e, 0x02, 0x23, 0x21, 0x06,
	0x06, 0x23, 0x22, 0x26, 0x34, 0x36, 0x33, 0x32, 0x16, 0x17, 0x32, 0x16,
	0x3e, 0x05, 0x37, 0x3e, 0x03, 0x17, 0x32, 0x33, 0x36, 0x36, 0x33, 0x32,
	0x1e, 0x02, 0x15, 0x14, 0x06, 0x06, 0x23, 0x22, 0x26, 0x27, 0x23, 0x22,
	0x06, 0x06, 0x07, 0x21, 0x35, 0x34, 0x36, 0x17, 0x05, 0x0a, 0x08, 0x14,
	0xfe, 0x9c, 0x0c, 0x08, 0x08, 0x08, 0x14, 0xfc, 0x48, 0x20, 0x68, 0x58,
	0x34, 0x6c, 0x24, 0x01, 0x64, 0x24, 0x24, 0xfe, 0x9c, 0x24, 0x6c, 0x64,
	0x9c, 0x50, 0x68, 0x38, 0xfe, 0x6c, 0x18, 0x98, 0x64, 0x74, 0xa8, 0xa8,
	0x74, 0x64, 0x98, 0x18, 0x14, 0x44, 0x14, 0x30, 0x10, 0x24, 0x20, 0x24,
	0x18, 0x38, 0x54, 0x64, 0x48, 0x50, 0x1c, 0x10, 0x18, 0x6c, 0x44, 0x2c,
	0x50, 0x38, 0x24, 0x3c, 0x60, 0x3c, 0x44, 0x6c, 0x18, 0x78, 0x34, 0x58,
	0x68, 0x24, 0x04, 0xd8, 0x24, 0x14, 0x01, 0x64, 0x03, 0x14, 0x28, 0x0c,
	0xd4, 0x04, 0x04, 0x08, 0x14, 0x90, 0x34, 0xf0, 0x88, 0x6c, 0x24, 0x24,
	0xfe, 0x9c, 0x24, 0x24, 0x6c, 0xb0, 0xd8, 0xb0, 0x5c, 0x78, 0xa8, 0xe8,
	0xa8, 0x78, 0x5c, 0x04, 0x04, 0x04, 0x14, 0x20, 0x38, 0x4c, 0x34, 0x7c,
	0x88, 0x3c, 0x0c, 0x04, 0x40, 0x50, 0x24, 0x38, 0x50, 0x2c, 0x38, 0x64,
	0x38, 0x50, 0x3c, 0x84, 0xf0, 0x34, 0x8c, 0x14, 0x18, 0x0c, 0xd8, 0x00,
	0x00, 0x04, 0x00, 0x80, 0xff, 0x00, 0x06, 0x80, 0x07, 0x00, 0x00, 0x02,
	0x00, 0x05, 0x00, 0x1a, 0x00, 0x26, 0x00, 0x00, 0x01, 0x07, 0x03, 0x11,
	0x13, 0x17, 0x01, 0x14, 0x02, 0x0e, 0x03, 0x23, 0x22, 0x24, 0x26, 0x02,
	0x10, 0x12, 0x36, 0x24, 0x33, 0x32, 0x04, 0x16, 0x12, 0x09, 0x02, 0x11,
	0x01, 0x07, 0x01, 0x01, 0x17, 0x01, 0x13, 0x01, 0x04, 0x94, 0xac, 0x04,
	0x04, 0xa8, 0x01, 0xf0, 0x2c, 0x60, 0x78, 0xb0, 0xb8, 0x78, 0xb8, 0xfe,
	0xf4, 0xe4, 0x74, 0x74, 0xdc, 0x01, 0x10, 0xb4, 0xb0, 0x01, 0x08, 0xcc,
	0x68, 0xfd, 0x88, 0x01, 0x3c, 0xfe, 0x0c, 0xfe, 0xd8, 0x6c, 0x01, 0x74,
	0xfe, 0x8c, 0x6c, 0x01, 0x28, 0x08, 0x01, 0xfc, 0x04, 0x54, 0xac, 0x01,
	0x58, 0xfb, 0xe4, 0x01, 0x58, 0xac, 0x01, 0x64, 0xcc, 0xfe, 0xc4, 0xdc,
	0x98, 0x54, 0x24, 0x58, 0xd8, 0x01, 0x98, 0x02, 0x54, 0x01, 0xa4, 0xe0,
	0x60, 0x60, 0xe4, 0xfe, 0x64, 0xfe, 0xd4, 0x01, 0x60, 0x02, 0x1c, 0xfd,
	0x3c, 0x01, 0x24, 0x68, 0xfe, 0x88, 0xfe, 0x90, 0x6c, 0x01, 0x24, 0xfd,
	0x58, 0x02, 0x00, 0x00, 0x00, 0x05, 0x00, 0x00, 0xff, 0x00, 0x07, 0x00,
	0x07, 0x00, 0x00, 0x09, 0x00, 0x15, 0x00, 0x21, 0x00, 0x2d, 0x00, 0x45,
	0x00, 0x00, 0x17, 0x11, 0x21, 0x11, 0x14, 0x06, 0x23, 0x21, 0x22, 0x26,
	0x01, 0x11, 0x14, 0x16, 0x32, 0x36, 0x35, 0x11, 0x34, 0x26, 0x22, 0x06,
	0x05, 0x11, 0x14, 0x16, 0x32, 0x36, 0x35, 0x11, 0x34, 0x26, 0x22, 0x06,
	0x05, 0x11, 0x14, 0x16, 0x32, 0x36, 0x35, 0x11, 0x34, 0x26, 0x22, 0x06,
	0x01, 0x32, 0x16, 0x15, 0x15, 0x14, 0x06, 0x23, 0x21, 0x22, 0x26, 0x35,
	0x35, 0x34, 0x36, 0x33, 0x21, 0x37, 0x36, 0x33, 0x21, 0x32, 0x17, 0x17,
	0x80, 0x06, 0x00, 0x70, 0x50, 0xfb, 0x80, 0x50, 0x70, 0x04, 0x40, 0x24,
	0x38, 0x24, 0x24, 0x38, 0x24, 0xfe, 0x80, 0x24, 0x38, 0x24, 0x24, 0x38,
	0x24, 0xfe, 0x80, 0x24, 0x38, 0x24, 0x24, 0x38, 0x24, 0x05, 0x00, 0x1c,
	0x24, 0x24, 0x1c, 0xf9, 0x80, 0x1c, 0x24, 0x24, 0x1c, 0x01, 0xe0, 0x24,
	0x1c, 0x3c, 0x01, 0xc8, 0x3c, 0x1c, 0x24, 0x40, 0x05, 0x40, 0xfa, 0xc0,
	0x50, 0x70, 0x70, 0x04, 0x50, 0xfc, 0x80, 0x1c, 0x24, 0x24, 0x1c, 0x03,
	0x80, 0x1c, 0x24, 0x24, 0x1c, 0xfc, 0x80, 0x1c, 0x24, 0x24, 0x1c, 0x03,
	0x80, 0x1c, 0x24, 0x24, 0x1c, 0xfc, 0x80, 0x1c, 0x24, 0x24, 0x1c, 0x03,
	0x80, 0x1c, 0x24, 0x24, 0x02, 0xa4, 0x24, 0x1c, 0x80, 0x1c, 0x24, 0x24,
	0x1c, 0x80, 0x1c, 0x24, 0x4c, 0x34, 0x34, 0x4c, 0x00, 0x02, 0xff, 0xfc,
	0xfe, 0xfc, 0x08, 0x00, 0x07, 0x00, 0x00, 0x07, 0x00, 0x11, 0x00, 0x00,
	0x09, 0x02, 0x05, 0x06, 0x26, 0x37, 0x13, 0x01, 0x16, 0x14, 0x07, 0x07,
	0x01, 0x37, 0x36, 0x32, 0x17, 0x04, 0x8c, 0x02, 0x00, 0xfb, 0xa8, 0xfe,
	0x38, 0x30, 0x40, 0x04, 0x34, 0x07, 0x94, 0x38, 0x38, 0xe4, 0xfe, 0x00,
	0xe4, 0x38, 0xa0, 0x38, 0x05, 0x8c, 0xfe, 0x00, 0xfb, 0xa8, 0x34, 0x04,
	0x40, 0x30, 0x01, 0xc8, 0x04, 0xa4, 0x38, 0xa0, 0x38, 0xe4, 0x02, 0x00,
	0xe4, 0x38, 0x38, 0x00, 0x00, 0x02, 0x00, 0x00, 0x00, 0x00, 0x0a, 0x00,
	0x06, 0x00, 0x00, 0x11, 0x00, 0x2d, 0x00, 0x00, 0x01, 0x32, 0x16, 0x15,
	0x11, 0x14, 0x06, 0x23, 0x21, 0x22, 0x27, 0x01, 0x26, 0x34, 0x37, 0x01,
	0x36, 0x33, 0x01, 0x27, 0x37, 0x36, 0x27, 0x27, 0x26, 0x07, 0x07, 0x27,
	0x26, 0x07, 0x07, 0x06, 0x17, 0x17, 0x07, 0x06, 0x17, 0x17, 0x16, 0x37,
	0x37, 0x17, 0x16, 0x37, 0x37, 0x36, 0x09, 0x00, 0x6c, 0x94, 0x94, 0x6c,
	0xfa, 0x34, 0x68, 0x4c, 0xfd, 0xa4, 0x24, 0x24, 0x02, 0x5c, 0x4c, 0x68,
	0x04, 0x78, 0xf8, 0xf8, 0x30, 0x30, 0x58, 0x30, 0x2c, 0xf8, 0xf8, 0x2c,
	0x30, 0x58, 0x30, 0x30, 0xf8, 0xf8, 0x30, 0x30, 0x58, 0x30, 0x2c, 0xf8,
	0xf8, 0x2c, 0x30, 0x58, 0x30, 0x06, 0x00, 0x94, 0x6c, 0xfc, 0x00, 0x6c,
	0x94, 0x4c, 0x02, 0x58, 0x28, 0x68, 0x28, 0x02, 0x58, 0x4c, 0xfc, 0x08,
	0xf8, 0xf8, 0x2c, 0x30, 0x58, 0x30, 0x30, 0xf8, 0xf8, 0x30, 0x30, 0x58,
	0x30, 0x2c, 0xf8, 0xf8, 0x2c, 0x30, 0x58, 0x30, 0x30, 0xf8, 0xf8, 0x30,
	0x30, 0x58, 0x30, 0x00, 0x00, 0x04, 0x00, 0x00, 0xff, 0x00, 0x06, 0x00,
	0x07, 0x00, 0x00, 0x0d, 0x00, 0x11, 0x00, 0x15, 0x00, 0x19, 0x00, 0x00,
	0x01, 0x32, 0x16, 0x15, 0x11, 0x14, 0x06, 0x23, 0x21, 0x22, 0x26, 0x35,
	0x11, 0x01, 0x13, 0x11, 0x23, 0x11, 0x21, 0x11, 0x23, 0x11, 0x21, 0x11,
	0x23, 0x11, 0x05, 0x00, 0x68, 0x98, 0x98, 0x68, 0xfc, 0x00, 0x68, 0x98,
	0x02, 0x00, 0x80, 0xc0, 0x02, 0x00, 0xc0, 0x02, 0x00, 0xc0, 0x07, 0x00,
	0x98, 0x68, 0xfa, 0x00, 0x68, 0x98, 0x98, 0x68, 0x05, 0x00, 0x02, 0x00,
	0xfd, 0x80, 0x01, 0x80, 0xfe, 0x80, 0x01, 0x80, 0xfe, 0x80, 0x01, 0x80,
	0xfe, 0x80, 0x00, 0x01, 0x00, 0x08, 0x00, 0x80, 0x08, 0x08, 0x05, 0x88,
	0x00, 0x1f, 0x00, 0x00, 0x25, 0x01, 0x26, 0x34, 0x37, 0x01, 0x36, 0x33,
	0x32, 0x17, 0x16, 0x15, 0x11, 0x21, 0x11, 0x34, 0x37, 0x37, 0x36, 0x16,
	0x15, 0x11, 0x14, 0x06, 0x23, 0x21, 0x11, 0x14, 0x07, 0x06, 0x23, 0x22,
	0x01, 0xe8, 0xfe, 0x40, 0x20, 0x20, 0x01, 0xc0, 0x18, 0x24, 0x14, 0x14,
	0x3c, 0x04, 0x40, 0x10, 0xe0, 0x10, 0x40, 0x38, 0x28, 0xfa, 0xe0, 0x3c,
	0x14, 0x14, 0x24, 0x98, 0x01, 0xa0, 0x20, 0x50, 0x20, 0x01, 0xa0, 0x18,
	0x08, 0x18, 0x40, 0xff, 0x00, 0x01, 0x50, 0x14, 0x0c, 0xe0, 0x18, 0x18,
	0x20, 0xfc, 0xf0, 0x28, 0x38, 0xff, 0x00, 0x40, 0x18, 0x08, 0x00, 0x01,
	0x00, 0x8b, 0x02, 0x18, 0x02, 0x23, 0x03, 0xcb, 0x00, 0x0d, 0x00, 0x00,
	0x53, 0x35, 0x34, 0x36, 0x33, 0x32, 0x16, 0x15, 0x15, 0x14, 0x06, 0x23,
	0x22, 0x26, 0x8b, 0x6d, 0x5e, 0x5f, 0x6e, 0x6d, 0x5f, 0x5e, 0x6e, 0x02,
	0xdc, 0x29, 0x56, 0x70, 0x70, 0x56, 0x29, 0x55, 0x6f, 0x6f, 0x00, 0x00,
	0x00, 0x00, 0x00, 0x01, 0x00, 0x00, 0x09, 0xbc, 0x00, 0x01, 0x01, 0x9d,
	0x06, 0x00, 0x00, 0x08, 0x03, 0xae, 0x00, 0x01, 0x00, 0x35, 0xff, 0xd8,
	0x00, 0x03, 0x00, 0x22, 0xff, 0x88, 0x00, 0x03, 0x00, 0x42, 0xff, 0xce,
	0x00, 0x03, 0x00, 0x44, 0xff, 0xc5, 0x00, 0x03, 0x00, 0x45, 0xff, 0xc5,
	0x00, 0x03, 0x00, 0x46, 0xff, 0xc5, 0x00, 0x03, 0x00, 0x48, 0xff, 0xc5,
	0x00, 0x03, 0x00, 0x4e, 0xff, 0xec, 0x00, 0x03, 0x00, 0x4f, 0xff, 0xec,
	0x00, 0x03, 0x00, 0x50, 0xff, 0xc3, 0x00, 0x03, 0x00, 0x51, 0xff, 0xec,
	0x00, 0x03, 0x00, 0x52, 0xff, 0xc5, 0x00, 0x03, 0x00, 0x54, 0xff, 0xb0,
	0x00, 0x03, 0x00, 0x58, 0x00, 0x0b, 0x00, 0x08, 0x00, 0x22, 0xff, 0x88,
	0x00, 0x08, 0x00, 0x42, 0xff, 0xce, 0x00, 0x08, 0x00, 0x44, 0xff, 0xc5,
	0x00, 0x08, 0x00, 0x45, 0xff, 0xc5, 0x00, 0x08, 0x00, 0x46, 0xff, 0xc5,
	0x00, 0x08, 0x00, 0x48, 0xff, 0xc5, 0x00, 0x08, 0x00, 0x4e, 0xff, 0xec,
	0x00, 0x08, 0x00, 0x4f, 0xff, 0xec, 0x00, 0x08, 0x00, 0x50, 0xff, 0xc3,
	0x00, 0x08, 0x00, 0x51, 0xff, 0xec, 0x00, 0x08, 0x00, 0x52, 0xff, 0xc5,
	0x00, 0x08, 0x00, 0x54, 0xff, 0xb0, 0x00, 0x08, 0x00, 0x58, 0x00, 0x0b,
	0x00, 0x09, 0x00, 0x37, 0x00, 0x14, 0x00, 0x09, 0x00, 0x38, 0x00, 0x12,
	0x00, 0x09, 0x00, 0x3a, 0x00, 0x16, 0x00, 0x0d, 0x00, 0x03, 0xff, 0x56,
	0x00, 0x0d, 0x00, 0x08, 0xff, 0x56, 0x00, 0x0f, 0x00, 0x03, 0xff, 0x56,
	0x00, 0x0f, 0x00, 0x08, 0xff, 0x56, 0x00, 0x10, 0x00, 0x10, 0xff, 0x20,
	0x00, 0x22, 0x00, 0x03, 0xff, 0x88, 0x00, 0x22, 0x00, 0x08, 0xff, 0x88,
	0x00, 0x22, 0x00, 0x20, 0xff, 0xc3, 0x00, 0x22, 0x00, 0x24, 0xff, 0xf5,
	0x00, 0x22, 0x00, 0x28, 0xff, 0xf5, 0x00, 0x22, 0x00, 0x30, 0xff, 0xf5,
	0x00, 0x22, 0x00, 0x32, 0xff, 0xf5, 0x00, 0x22, 0x00, 0x35, 0xff, 0x7f,
	0x00, 0x22, 0x00, 0x36, 0xff, 0xef, 0x00, 0x22, 0x00, 0x37, 0xff, 0xa9,
	0x00, 0x22, 0x00, 0x38, 0xff, 0xbb, 0x00, 0x22, 0x00, 0x3a, 0xff, 0xa2,
	0x00, 0x22, 0x00, 0x50, 0xff, 0xf4, 0x00, 0x22, 0x00, 0x55, 0xff, 0xef,
	0x00, 0x22, 0x00, 0x56, 0xff, 0xf5, 0x00, 0x22, 0x00, 0x57, 0xff, 0xce,
	0x00, 0x22, 0x00, 0x58, 0xff, 0xdf, 0x00, 0x22, 0x00, 0x5a, 0xff, 0xce,
	0x00, 0x22, 0x00, 0x5b, 0x00, 0x0c, 0x00, 0x23, 0x00, 0x35, 0xff, 0xe5,
	0x00, 0x23, 0x00, 0x37, 0xff, 0xe8, 0x00, 0x23, 0x00, 0x3a, 0xff, 0xc9,
	0x00, 0x24, 0x00, 0x0a, 0xff, 0xe6, 0x00, 0x24, 0x00, 0x35, 0xff, 0xe3,
	0x00, 0x24, 0x00, 0x3e, 0xff, 0xf4, 0x00, 0x24, 0x00, 0x5e, 0xff, 0xef,
	0x00, 0x26, 0x00, 0x35, 0x00, 0x14, 0x00, 0x26, 0x00, 0x44, 0xff, 0xed,
	0x00, 0x26, 0x00, 0x45, 0xff, 0xed, 0x00, 0x26, 0x00, 0x46, 0xff, 0xed,
	0x00, 0x26, 0x00, 0x47, 0xff, 0xee, 0x00, 0x26, 0x00, 0x48, 0xff, 0xed,
	0x00, 0x26, 0x00, 0x50, 0xff, 0xed, 0x00, 0x26, 0x00, 0x52, 0xff, 0xed,
	0x00, 0x26, 0x00, 0x56, 0xff, 0xef, 0x00, 0x26, 0x00, 0x57, 0xff, 0xe6,
	0x00, 0x26, 0x00, 0x58, 0xff, 0xea, 0x00, 0x26, 0x00, 0x5a, 0xff, 0xe6,
	0x00, 0x27, 0x00, 0x0d, 0xff, 0x16, 0x00, 0x27, 0x00, 0x0f, 0xff, 0x16,
	0x00, 0x27, 0x00, 0x22, 0xff, 0x56, 0x00, 0x27, 0x00, 0x2b, 0xfe, 0xf8,
	0x00, 0x27, 0x00, 0x35, 0x00, 0x14, 0x00, 0x27, 0x00, 0x42, 0xff, 0xde,
	0x00, 0x27, 0x00, 0x44, 0xff, 0xeb, 0x00, 0x27, 0x00, 0x45, 0xff, 0xeb,
	0x00, 0x27, 0x00, 0x46, 0xff, 0xeb, 0x00, 0x27, 0x00, 0x48, 0xff, 0xeb,
	0x00, 0x27, 0x00, 0x50, 0xff, 0xeb, 0x00, 0x27, 0x00, 0x52, 0xff, 0xeb,
	0x00, 0x27, 0x00, 0x53, 0xff, 0xe6, 0x00, 0x27, 0x00, 0x56, 0xff, 0xea,
	0x00, 0x27, 0x00, 0x57, 0xff, 0xe8, 0x00, 0x27, 0x00, 0x5a, 0xff, 0xe8,
	0x00, 0x29, 0x00, 0x22, 0x00, 0x12, 0x00, 0x29, 0x00, 0x35, 0xff, 0xe3,
	0x00, 0x29, 0x00, 0x39, 0x00, 0x11, 0x00, 0x29, 0x00, 0x3a, 0xff, 0xe4,
	0x00, 0x2a, 0x00, 0x22, 0x00, 0x12, 0x00, 0x2a, 0x00, 0x35, 0xff, 0xe3,
	0x00, 0x2a, 0x00, 0x39, 0x00, 0x11, 0x00, 0x2a, 0x00, 0x3a, 0xff, 0xe4,
	0x00, 0x2b, 0x00, 0x22, 0xff, 0xea, 0x00, 0x2c, 0x00, 0x0e, 0xff, 0xc0,
	0x00, 0x2c, 0x00, 0x24, 0xff, 0xe1, 0x00, 0x2c, 0x00, 0x28, 0xff, 0xe1,
	0x00, 0x2c, 0x00, 0x30, 0xff, 0xe1, 0x00, 0x2c, 0x00, 0x32, 0xff, 0xe1,
	0x00, 0x2c, 0x00, 0x44, 0xff, 0xe6, 0x00, 0x2c, 0x00, 0x45, 0xff, 0xe6,
	0x00, 0x2c, 0x00, 0x46, 0xff, 0xe6, 0x00, 0x2c, 0x00, 0x48, 0xff, 0xe6,
	0x00, 0x2c, 0x00, 0x4e, 0xff, 0xe9, 0x00, 0x2c, 0x00, 0x4f, 0xff, 0xe9,
	0x00, 0x2c, 0x00, 0x50, 0xff, 0xe5, 0x00, 0x2c, 0x00, 0x51, 0xff, 0xe9,
	0x00, 0x2c, 0x00, 0x52, 0xff, 0xe6, 0x00, 0x2c, 0x00, 0x56, 0xff, 0xe9,
	0x00, 0x2c, 0x00, 0x57, 0xff, 0xd8, 0x00, 0x2c, 0x00, 0x58, 0xff, 0xc1,
	0x00, 0x2c, 0x00, 0x5a, 0xff, 0xd8, 0x00, 0x2d, 0x00, 0x22, 0x00, 0x13,
	0x00, 0x2d, 0x00, 0x24, 0xff, 0xbf, 0x00, 0x2d, 0x00, 0x28, 0xff, 0xbf,
	0x00, 0x2d, 0x00, 0x30, 0xff, 0xbf, 0x00, 0x2d, 0x00, 0x32, 0xff, 0xbf,
	0x00, 0x2d, 0x00, 0x35, 0xfe, 0xed, 0x00, 0x2d, 0x00, 0x36, 0xff, 0xca,
	0x00, 0x2d, 0x00, 0x37, 0xff, 0x51, 0x00, 0x2d, 0x00, 0x38, 0xff, 0x71,
	0x00, 0x2d, 0x00, 0x3a, 0xff, 0x11, 0x00, 0x2d, 0x00, 0x56, 0xff, 0xd4,
	0x00, 0x2d, 0x00, 0x57, 0xff, 0x7b, 0x00, 0x2d, 0x00, 0x58, 0xff, 0xa4,
	0x00, 0x2d, 0x00, 0x5a, 0xff, 0x7b, 0x00, 0x2e, 0x00, 0x22, 0x00, 0x12,
	0x00, 0x2e, 0x00, 0x35, 0xff, 0xe3, 0x00, 0x2e, 0x00, 0x39, 0x00, 0x11,
	0x00, 0x2e, 0x00, 0x3a, 0xff, 0xe4, 0x00, 0x2f, 0x00, 0x22, 0x00, 0x12,
	0x00, 0x2f, 0x00, 0x35, 0xff, 0xe3, 0x00, 0x2f, 0x00, 0x39, 0x00, 0x11,
	0x00, 0x2f, 0x00, 0x3a, 0xff, 0xe4, 0x00, 0x31, 0x00, 0x0d, 0xfe, 0xbc,
	0x00, 0x31, 0x00, 0x0f, 0xfe, 0xbc, 0x00, 0x31, 0x00, 0x22, 0xff, 0x76,
	0x00, 0x31, 0x00, 0x2b, 0xff, 0x38, 0x00, 0x31, 0x00, 0x39, 0xff, 0xe1,
	0x00, 0x31, 0x00, 0x3b, 0xff, 0xe6, 0x00, 0x31, 0x00, 0x42, 0xff, 0xf5,
	0x00, 0x31, 0x00, 0x44, 0xff, 0xf3, 0x00, 0x31, 0x00, 0x45, 0xff, 0xf3,
	0x00, 0x31, 0x00, 0x46, 0xff, 0xf3, 0x00, 0x31, 0x00, 0x48, 0xff, 0xf3,
	0x00, 0x31, 0x00, 0x50, 0xff, 0xf3, 0x00, 0x31, 0x00, 0x52, 0xff, 0xf3,
	0x00, 0x31, 0x00, 0x55, 0x00, 0x0e, 0x00, 0x31, 0x00, 0x57, 0x00, 0x0f,
	0x00, 0x31, 0x00, 0x5a, 0x00, 0x0f, 0x00, 0x32, 0x00, 0x35, 0xff, 0xd5,
	0x00, 0x32, 0x00, 0x37, 0xff, 0xe4, 0x00, 0x32, 0x00, 0x38, 0xff, 0xec,
	0x00, 0x32, 0x00, 0x3a, 0xff, 0xdd, 0x00, 0x33, 0x00, 0x35, 0xff, 0xb0,
	0x00, 0x33, 0x00, 0x37, 0xff, 0xed, 0x00, 0x33, 0x00, 0x3a, 0xff, 0xd0,
	0x00, 0x35, 0x00, 0x01, 0xff, 0xd8, 0x00, 0x35, 0x00, 0x0d, 0xff, 0x26,
	0x00, 0x35, 0x00, 0x0e, 0xff, 0x18, 0x00, 0x35, 0x00, 0x0f, 0xff, 0x26,
	0x00, 0x35, 0x00, 0x22, 0xff, 0xb1, 0x00, 0x35, 0x00, 0x24, 0xff, 0xe4,
	0x00, 0x35, 0x00, 0x28, 0xff, 0xe4, 0x00, 0x35, 0x00, 0x2b, 0xff, 0x10,
	0x00, 0x35, 0x00, 0x30, 0xff, 0xe4, 0x00, 0x35, 0x00, 0x32, 0xff, 0xe4,
	0x00, 0x35, 0x00, 0x34, 0xff, 0xf0, 0x00, 0x35, 0x00, 0x35, 0x00, 0x10,
	0x00, 0x35, 0x00, 0x37, 0x00, 0x10, 0x00, 0x35, 0x00, 0x38, 0x00, 0x0f,
	0x00, 0x35, 0x00, 0x3a, 0x00, 0x10, 0x00, 0x35, 0x00, 0x42, 0xff, 0x8f,
	0x00, 0x35, 0x00, 0x44, 0xff, 0x9d, 0x00, 0x35, 0x00, 0x45, 0xff, 0x9d,
	0x00, 0x35, 0x00, 0x46, 0xff, 0x9d, 0x00, 0x35, 0x00, 0x48, 0xff, 0x9d,
	0x00, 0x35, 0x00, 0x4e, 0xff, 0x93, 0x00, 0x35, 0x00, 0x4f, 0xff, 0x93,
	0x00, 0x35, 0x00, 0x50, 0xff, 0x9d, 0x00, 0x35, 0x00, 0x51, 0xff, 0x93,
	0x00, 0x35, 0x00, 0x52, 0xff, 0x9d, 0x00, 0x35, 0x00, 0x53, 0xff, 0xb5,
	0x00, 0x35, 0x00, 0x54, 0xff, 0x8c, 0x00, 0x35, 0x00, 0x56, 0xff, 0xa1,
	0x00, 0x35, 0x00, 0x57, 0xff, 0xb8, 0x00, 0x35, 0x00, 0x58, 0xff, 0xc7,
	0x00, 0x35, 0x00, 0x59, 0xff, 0xb3, 0x00, 0x35, 0x00, 0x5a, 0xff, 0xb8,
	0x00, 0x35, 0x00, 0x5b, 0xff, 0xc4, 0x00, 0x36, 0x00, 0x22, 0xff, 0xea,
	0x00, 0x37, 0x00, 0x0a, 0x00, 0x14, 0x00, 0x37, 0x00, 0x0d, 0xff, 0x1f,
	0x00, 0x37, 0x00, 0x0e, 0xff, 0xdb, 0x00, 0x37, 0x00, 0x0f, 0xff, 0x1f,
	0x00, 0x37, 0x00, 0x22, 0xff, 0xb5, 0x00, 0x37, 0x00, 0x24, 0xff, 0xf3,
	0x00, 0x37, 0x00, 0x28, 0xff, 0xf3, 0x00, 0x37, 0x00, 0x30, 0xff, 0xf3,
	0x00, 0x37, 0x00, 0x32, 0xff, 0xf3, 0x00, 0x37, 0x00, 0x3e, 0x00, 0x11,
	0x00, 0x37, 0x00, 0x42, 0xff, 0xd2, 0x00, 0x37, 0x00, 0x44, 0xff, 0xd4,
	0x00, 0x37, 0x00, 0x45, 0xff, 0xd4, 0x00, 0x37, 0x00, 0x46, 0xff, 0xd4,
	0x00, 0x37, 0x00, 0x48, 0xff, 0xd4, 0x00, 0x37, 0x00, 0x50, 0xff, 0xd2,
	0x00, 0x37, 0x00, 0x52, 0xff, 0xd4, 0x00, 0x37, 0x00, 0x53, 0xff, 0xe2,
	0x00, 0x37, 0x00, 0x56, 0xff, 0xe4, 0x00, 0x37, 0x00, 0x57, 0xff, 0xf5,
	0x00, 0x37, 0x00, 0x5a, 0xff, 0xf5, 0x00, 0x37, 0x00, 0x5e, 0x00, 0x13,
	0x00, 0x38, 0x00, 0x0a, 0x00, 0x0f, 0x00, 0x38, 0x00, 0x0d, 0xff, 0x85,
	0x00, 0x38, 0x00, 0x0e, 0xff, 0xc4, 0x00, 0x38, 0x00, 0x0f, 0xff, 0x85,
	0x00, 0x38, 0x00, 0x22, 0xff, 0xd5, 0x00, 0x38, 0x00, 0x35, 0x00, 0x0e,
	0x00, 0x38, 0x00, 0x3e, 0x00, 0x0c, 0x00, 0x38, 0x00, 0x42, 0xff, 0xdf,
	0x00, 0x38, 0x00, 0x44, 0xff, 0xe1, 0x00, 0x38, 0x00, 0x45, 0xff, 0xe1,
	0x00, 0x38, 0x00, 0x46, 0xff, 0xe1, 0x00, 0x38, 0x00, 0x48, 0xff, 0xe1,
	0x00, 0x38, 0x00, 0x50, 0xff, 0xe1, 0x00, 0x38, 0x00, 0x52, 0xff, 0xe1,
	0x00, 0x38, 0x00, 0x53, 0xff, 0xeb, 0x00, 0x38, 0x00, 0x56, 0xff, 0xed,
	0x00, 0x38, 0x00, 0x5e, 0x00, 0x0e, 0x00, 0x39, 0x00, 0x0e, 0xff, 0xd2,
	0x00, 0x39, 0x00, 0x24, 0xff, 0xe7, 0x00, 0x39, 0x00, 0x28, 0xff, 0xe7,
	0x00, 0x39, 0x00, 0x30, 0xff, 0xe7, 0x00, 0x39, 0x00, 0x32, 0xff, 0xe7,
	0x00, 0x39, 0x00, 0x37, 0x00, 0x0e, 0x00, 0x39, 0x00, 0x44, 0xff, 0xe6,
	0x00, 0x39, 0x00, 0x45, 0xff, 0xe6, 0x00, 0x39, 0x00, 0x46, 0xff, 0xe6,
	0x00, 0x39, 0x00, 0x48, 0xff, 0xe6, 0x00, 0x39, 0x00, 0x50, 0xff, 0xeb,
	0x00, 0x39, 0x00, 0x52, 0xff, 0xe6, 0x00, 0x39, 0x00, 0x56, 0xff, 0xeb,
	0x00, 0x39, 0x00, 0x57, 0xff, 0xe1, 0x00, 0x39, 0x00, 0x5a, 0xff, 0xe1,
	0x00, 0x3a, 0x00, 0x07, 0xff, 0xe2, 0x00, 0x3a, 0x00, 0x0a, 0x00, 0x14,
	0x00, 0x3a, 0x00, 0x0b, 0xff, 0xcf, 0x00, 0x3a, 0x00, 0x0d, 0xff, 0x2d,
	0x00, 0x3a, 0x00, 0x0e, 0xff, 0xcc, 0x00, 0x3a, 0x00, 0x0f, 0xff, 0x2d,
	0x00, 0x3a, 0x00, 0x22, 0xff, 0xa2, 0x00, 0x3a, 0x00, 0x24, 0xff, 0xe3,
	0x00, 0x3a, 0x00, 0x28, 0xff, 0xe3, 0x00, 0x3a, 0x00, 0x2b, 0xff, 0xa0,
	0x00, 0x3a, 0x00, 0x30, 0xff, 0xe3, 0x00, 0x3a, 0x00, 0x32, 0xff, 0xe3,
	0x00, 0x3a, 0x00, 0x34, 0xff, 0xf0, 0x00, 0x3a, 0x00, 0x35, 0x00, 0x11,
	0x00, 0x3a, 0x00, 0x36, 0xff, 0xa0, 0x00, 0x3a, 0x00, 0x37, 0x00, 0x12,
	0x00, 0x3a, 0x00, 0x38, 0x00, 0x11, 0x00, 0x3a, 0x00, 0x39, 0x00, 0x0d,
	0x00, 0x3a, 0x00, 0x3a, 0x00, 0x12, 0x00, 0x3a, 0x00, 0x3e, 0x00, 0x12,
	0x00, 0x3a, 0x00, 0x42, 0xff, 0xb7, 0x00, 0x3a, 0x00, 0x44, 0xff, 0xbf,
	0x00, 0x3a, 0x00, 0x45, 0xff, 0xbf, 0x00, 0x3a, 0x00, 0x46, 0xff, 0xbf,
	0x00, 0x3a, 0x00, 0x47, 0xff, 0xea, 0x00, 0x3a, 0x00, 0x48, 0xff, 0xbf,
	0x00, 0x3a, 0x00, 0x4e, 0xff, 0xd8, 0x00, 0x3a, 0x00, 0x4f, 0xff, 0xd8,
	0x00, 0x3a, 0x00, 0x50, 0xff, 0xbf, 0x00, 0x3a, 0x00, 0x51, 0xff, 0xd8,
	0x00, 0x3a, 0x00, 0x52, 0xff, 0xbf, 0x00, 0x3a, 0x00, 0x53, 0xff, 0xd8,
	0x00, 0x3a, 0x00, 0x54, 0xff, 0xc6, 0x00, 0x3a, 0x00, 0x55, 0xff, 0xea,
	0x00, 0x3a, 0x00, 0x56, 0xff, 0xd9, 0x00, 0x3a, 0x00, 0x57, 0xff, 0xec,
	0x00, 0x3a, 0x00, 0x59, 0xff, 0xe9, 0x00, 0x3a, 0x00, 0x5a, 0xff, 0xec,
	0x00, 0x3a, 0x00, 0x5b, 0xff, 0xe2, 0x00, 0x3a, 0x00, 0x5e, 0x00, 0x13,
	0x00, 0x3a, 0x00, 0x9c, 0xff, 0xd3, 0x00, 0x3b, 0x00, 0x22, 0x00, 0x0d,
	0x00, 0x3b, 0x00, 0x24, 0xff, 0xe6, 0x00, 0x3b, 0x00, 0x28, 0xff, 0xe6,
	0x00, 0x3b, 0x00, 0x30, 0xff, 0xe6, 0x00, 0x3b, 0x00, 0x32, 0xff, 0xe6,
	0x00, 0x3b, 0x00, 0x44, 0xff, 0xeb, 0x00, 0x3b, 0x00, 0x45, 0xff, 0xeb,
	0x00, 0x3b, 0x00, 0x46, 0xff, 0xeb, 0x00, 0x3b, 0x00, 0x48, 0xff, 0xeb,
	0x00, 0x3b, 0x00, 0x50, 0xff, 0xeb, 0x00, 0x3b, 0x00, 0x52, 0xff, 0xeb,
	0x00, 0x3b, 0x00, 0x56, 0xff, 0xed, 0x00, 0x3b, 0x00, 0x57, 0xff, 0xe5,
	0x00, 0x3b, 0x00, 0x58, 0xff, 0xe5, 0x00, 0x3b, 0x00, 0x5a, 0xff, 0xe5,
	0x00, 0x3c, 0x00, 0x2b, 0xff, 0xee, 0x00, 0x3c, 0x00, 0x36, 0xff, 0xee,
	0x00, 0x42, 0x00, 0x03, 0xff, 0xbd, 0x00, 0x42, 0x00, 0x08, 0xff, 0xbd,
	0x00, 0x42, 0x00, 0x57, 0xff, 0xf1, 0x00, 0x42, 0x00, 0x5a, 0xff, 0xf1,
	0x00, 0x43, 0x00, 0x03, 0xff, 0xe3, 0x00, 0x43, 0x00, 0x08, 0xff, 0xe3,
	0x00, 0x43, 0x00, 0x57, 0xff, 0xf5, 0x00, 0x43, 0x00, 0x59, 0xff, 0xf1,
	0x00, 0x43, 0x00, 0x5a, 0xff, 0xf5, 0x00, 0x43, 0x00, 0x5b, 0xff, 0xf1,
	0x00, 0x44, 0x00, 0x03, 0xff, 0xf5, 0x00, 0x44, 0x00, 0x08, 0xff, 0xf5,
	0x00, 0x46, 0x00, 0x03, 0xff, 0xf2, 0x00, 0x46, 0x00, 0x08, 0xff, 0xf2,
	0x00, 0x46, 0x00, 0x57, 0xff, 0xf3, 0x00, 0x46, 0x00, 0x5a, 0xff, 0xf3,
	0x00, 0x47, 0x00, 0x03, 0x00, 0x10, 0x00, 0x47, 0x00, 0x08, 0x00, 0x10,
	0x00, 0x47, 0x00, 0x0a, 0x00, 0x14, 0x00, 0x47, 0x00, 0x3e, 0x00, 0x12,
	0x00, 0x47, 0x00, 0x44, 0xff, 0xe8, 0x00, 0x47, 0x00, 0x45, 0xff, 0xe8,
	0x00, 0x47, 0x00, 0x46, 0xff, 0xe8, 0x00, 0x47, 0x00, 0x48, 0xff, 0xe8,
	0x00, 0x47, 0x00, 0x52, 0xff, 0xe8, 0x00, 0x47, 0x00, 0x5e, 0x00, 0x13,
	0x00, 0x49, 0x00, 0x03, 0xff, 0x98, 0x00, 0x49, 0x00, 0x08, 0xff, 0x98,
	0x00, 0x4c, 0x00, 0x44, 0xff, 0xec, 0x00, 0x4c, 0x00, 0x45, 0xff, 0xec,
	0x00, 0x4c, 0x00, 0x46, 0xff, 0xec, 0x00, 0x4c, 0x00, 0x48, 0xff, 0xec,
	0x00, 0x4c, 0x00, 0x52, 0xff, 0xec, 0x00, 0x4e, 0x00, 0x03, 0xff, 0x98,
	0x00, 0x4e, 0x00, 0x08, 0xff, 0x98, 0x00, 0x4f, 0x00, 0x03, 0xff, 0x98,
	0x00, 0x4f, 0x00, 0x08, 0xff, 0x98, 0x00, 0x50, 0x00, 0x03, 0xff, 0x78,
	0x00, 0x50, 0x00, 0x08, 0xff, 0x78, 0x00, 0x50, 0x00, 0x57, 0xff, 0xf1,
	0x00, 0x50, 0x00, 0x59, 0xff, 0xeb, 0x00, 0x50, 0x00, 0x5a, 0xff, 0xf1,
	0x00, 0x50, 0x00, 0x5b, 0xff, 0xf0, 0x00, 0x51, 0x00, 0x03, 0xff, 0xe3,
	0x00, 0x51, 0x00, 0x08, 0xff, 0xe3, 0x00, 0x51, 0x00, 0x57, 0xff, 0xf5,
	0x00, 0x51, 0x00, 0x59, 0xff, 0xf1, 0x00, 0x51, 0x00, 0x5a, 0xff, 0xf5,
	0x00, 0x51, 0x00, 0x5b, 0xff, 0xf1, 0x00, 0x53, 0x00, 0x03, 0x00, 0x10,
	0x00, 0x53, 0x00, 0x08, 0x00, 0x10, 0x00, 0x53, 0x00, 0x0d, 0xff, 0x85,
	0x00, 0x53, 0x00, 0x0f, 0xff, 0x85, 0x00, 0x53, 0x00, 0x42, 0xff, 0xd8,
	0x00, 0x53, 0x00, 0x44, 0xff, 0xed, 0x00, 0x53, 0x00, 0x45, 0xff, 0xed,
	0x00, 0x53, 0x00, 0x46, 0xff, 0xed, 0x00, 0x53, 0x00, 0x47, 0x00, 0x0f,
	0x00, 0x53, 0x00, 0x48, 0xff, 0xed, 0x00, 0x53, 0x00, 0x50, 0xff, 0xec,
	0x00, 0x53, 0x00, 0x52, 0xff, 0xed, 0x00, 0x53, 0x00, 0x55, 0x00, 0x32,
	0x00, 0x53, 0x00, 0x57, 0x00, 0x12, 0x00, 0x53, 0x00, 0x58, 0x00, 0x11,
	0x00, 0x53, 0x00, 0x5a, 0x00, 0x12, 0x00, 0x55, 0x00, 0x50, 0xff, 0xec,
	0x00, 0x57, 0x00, 0x03, 0x00, 0x0f, 0x00, 0x57, 0x00, 0x08, 0x00, 0x0f,
	0x00, 0x57, 0x00, 0x0d, 0xff, 0x95, 0x00, 0x57, 0x00, 0x0f, 0xff, 0x95,
	0x00, 0x57, 0x00, 0x42, 0xff, 0xf1, 0x00, 0x57, 0x00, 0x44, 0xff, 0xf3,
	0x00, 0x57, 0x00, 0x45, 0xff, 0xf3, 0x00, 0x57, 0x00, 0x46, 0xff, 0xf3,
	0x00, 0x57, 0x00, 0x47, 0x00, 0x0d, 0x00, 0x57, 0x00, 0x48, 0xff, 0xf3,
	0x00, 0x57, 0x00, 0x50, 0xff, 0xf1, 0x00, 0x57, 0x00, 0x52, 0xff, 0xf3,
	0x00, 0x58, 0x00, 0x0d, 0xff, 0x84, 0x00, 0x58, 0x00, 0x0f, 0xff, 0x84,
	0x00, 0x59, 0x00, 0x44, 0xff, 0xec, 0x00, 0x59, 0x00, 0x45, 0xff, 0xec,
	0x00, 0x59, 0x00, 0x46, 0xff, 0xec, 0x00, 0x59, 0x00, 0x48, 0xff, 0xec,
	0x00, 0x59, 0x00, 0x50, 0xff, 0xec, 0x00, 0x59, 0x00, 0x52, 0xff, 0xec,
	0x00, 0x5a, 0x00, 0x03, 0x00, 0x0f, 0x00, 0x5a, 0x00, 0x08, 0x00, 0x0f,
	0x00, 0x5a, 0x00, 0x0d, 0xff, 0x95, 0x00, 0x5a, 0x00, 0x0f, 0xff, 0x95,
	0x00, 0x5a, 0x00, 0x42, 0xff, 0xf1, 0x00, 0x5a, 0x00, 0x44, 0xff, 0xf3,
	0x00, 0x5a, 0x00, 0x45, 0xff, 0xf3, 0x00, 0x5a, 0x00, 0x46, 0xff, 0xf3,
	0x00, 0x5a, 0x00, 0x47, 0x00, 0x0d, 0x00, 0x5a, 0x00, 0x48, 0xff, 0xf3,
	0x00, 0x5a, 0x00, 0x50, 0xff, 0xf1, 0x00, 0x5a, 0x00, 0x52, 0xff, 0xf3,
	0x00, 0x5b, 0x00, 0x44, 0xff, 0xf0, 0x00, 0x5b, 0x00, 0x45, 0xff, 0xf0,
	0x00, 0x5b, 0x00, 0x46, 0xff, 0xf0, 0x00, 0x5b, 0x00, 0x48, 0xff, 0xf0,
	0x00, 0x5b, 0x00, 0x50, 0xff, 0xf0, 0x00, 0x5b, 0x00, 0x52, 0xff, 0xf0,
	0x00, 0x5c, 0x00, 0x2b, 0xff, 0xec, 0x00, 0x5c, 0x00, 0x36, 0xff, 0xec,
	0x00, 0x00, 0x00, 0x02, 0x00, 0x1e, 0x00, 0x03, 0x00, 0x01, 0x04, 0x09,
	0x00, 0x00, 0x00, 0xb2, 0x00, 0x00, 0x00, 0x03, 0x00, 0x01, 0x04, 0x09,
	0x00, 0x01, 0x00, 0x0c, 0x00, 0xb2, 0x00, 0x43, 0x00, 0x6f, 0x00, 0x70,
	0x00, 0x79, 0x00, 0x72, 0x00, 0x69, 0x00, 0x67, 0x00, 0x68, 0x00, 0x74,
	0x00, 0x20, 0x00, 0x32, 0x00, 0x30, 0x00, 0x31, 0x00, 0x31, 0x00, 0x20,
	0x00, 0x54, 0x00, 0x68, 0x00, 0x65, 0x00, 0x20, 0x00, 0x52, 0x00, 0x6f,
	0x00, 0x62, 0x00, 0x6f, 0x00, 0x74, 0x00, 0x6f, 0x00, 0x20, 0x00, 0x50,
	0x00, 0x72, 0x00, 0x6f, 0x00, 0x6a, 0x00, 0x65, 0x00, 0x63, 0x00, 0x74,
	0x00, 0x20, 0x00, 0x41, 0x00, 0x75, 0x00, 0x74, 0x00, 0x68, 0x00, 0x6f,
	0x00, 0x72, 0x00, 0x73, 0x00, 0x20, 0x00, 0x28, 0x00, 0x68, 0x00, 0x74,
	0x00, 0x74, 0x00, 0x70, 0x00, 0x73, 0x00, 0x3a, 0x00, 0x2f, 0x00, 0x2f,
	0x00, 0x67, 0x00, 0x69, 0x00, 0x74, 0x00, 0x68, 0x00, 0x75, 0x00, 0x62,
	0x00, 0x2e, 0x00, 0x63, 0x00, 0x6f, 0x00, 0x6d, 0x00, 0x2f, 0x00, 0x67,
	0x00, 0x6f, 0x00, 0x6f, 0x00, 0x67, 0x00, 0x6c, 0x00, 0x65, 0x00, 0x66,
	0x00, 0x6f, 0x00, 0x6e, 0x00, 0x74, 0x00, 0x73, 0x00, 0x2f, 0x00, 0x72,
	0x00, 0x6f, 0x00, 0x62, 0x00, 0x6f, 0x00, 0x74, 0x00, 0x6f, 0x00, 0x2d,
	0x00, 0x63, 0x00, 0x6c, 0x00, 0x61, 0x00, 0x73, 0x00, 0x73, 0x00, 0x69,
	0x00, 0x63, 0x00, 0x29, 0x00, 0x52, 0x00, 0x6f, 0x00, 0x62, 0x00, 0x6f,
	0x00, 0x74, 0x00, 0x6f, 0x00, 0x03, 0x00, 0x00, 0x00, 0x00, 0x00, 0x00,
	0xff, 0x6a, 0x00, 0x64, 0x00, 0x00, 0x00, 0x00, 0x00, 0x00, 0x00, 0x00,
	0x00, 0x00, 0x00, 0x00, 0x00, 0x00, 0x00, 0x00, 0x00, 0x00, 0x00, 0x00,
};

static void hmap_entry_callback(struct hmap_t * m, struct hmap_entry_t * e)
{
	if(e)
	{
		struct font_t * font = e->value;
		if(font)
		{
			if(font->priv)
				xos_mem_free(font->priv);
			xos_mem_free(font);
		}
	}
}

static struct kobj_t * search_class_font_kobj(void)
{
	struct kobj_t * kclass = kobj_search_directory_with_create(kobj_get_root(), "class");
	return kobj_search_directory_with_create(kclass, "font");
}

static ssize_t font_read_regular(struct kobj_t * kobj, void * buf, size_t size)
{
	struct font_ctx_t * ctx = (struct font_ctx_t *)kobj->priv;
	struct hmap_entry_t * e;
	char * p = buf;
	int len = 0;

	hmap_for_each_entry(e, ctx->map[FONT_STYLE_REGULAR])
	{
		len += xos_sprintf((char *)(p + len), "%s\r\n", e->key);
	}
	return len;
}

static ssize_t font_read_italic(struct kobj_t * kobj, void * buf, size_t size)
{
	struct font_ctx_t * ctx = (struct font_ctx_t *)kobj->priv;
	struct hmap_entry_t * e;
	char * p = buf;
	int len = 0;

	hmap_for_each_entry(e, ctx->map[FONT_STYLE_ITALIC])
	{
		len += xos_sprintf((char *)(p + len), "%s\r\n", e->key);
	}
	return len;
}

static ssize_t font_read_bold(struct kobj_t * kobj, void * buf, size_t size)
{
	struct font_ctx_t * ctx = (struct font_ctx_t *)kobj->priv;
	struct hmap_entry_t * e;
	char * p = buf;
	int len = 0;

	hmap_for_each_entry(e, ctx->map[FONT_STYLE_BOLD])
	{
		len += xos_sprintf((char *)(p + len), "%s\r\n", e->key);
	}
	return len;
}

static ssize_t font_read_bolditalic(struct kobj_t * kobj, void * buf, size_t size)
{
	struct font_ctx_t * ctx = (struct font_ctx_t *)kobj->priv;
	struct hmap_entry_t * e;
	char * p = buf;
	int len = 0;

	hmap_for_each_entry(e, ctx->map[FONT_STYLE_BOLDITALIC])
	{
		len += xos_sprintf((char *)(p + len), "%s\r\n", e->key);
	}
	return len;
}

static void font_pure_init(void)
{
	struct font_ctx_t * ctx = &__font_ctx;

	truetype_init(&ctx->builtin.info, (unsigned char *)font_builtin, 0);
	ctx->builtin.priv = NULL;

	ctx->map[FONT_STYLE_REGULAR] = hmap_alloc(0, hmap_entry_callback);
	ctx->map[FONT_STYLE_ITALIC] = hmap_alloc(0, hmap_entry_callback);
	ctx->map[FONT_STYLE_BOLD] = hmap_alloc(0, hmap_entry_callback);
	ctx->map[FONT_STYLE_BOLDITALIC] = hmap_alloc(0, hmap_entry_callback);

	kobj_add_regular(search_class_font_kobj(), "regular", font_read_regular, NULL, ctx);
	kobj_add_regular(search_class_font_kobj(), "italic", font_read_italic, NULL, ctx);
	kobj_add_regular(search_class_font_kobj(), "bold", font_read_bold, NULL, ctx);
	kobj_add_regular(search_class_font_kobj(), "bolditalic", font_read_bolditalic, NULL, ctx);
}
pure_initcall(font_pure_init);
